scope,policy,n,success_rate,utility,intervention_rate,false_intervene_rate,missed_intervene_rate,local_precision,local_recall,avg_latency_s,rate_no_intervention,rate_local_repair,rate_global_rewrite_or_restart,model_name,module,surface_name,seed
overall,NO_INTERVENTION,966,0.3498964803312629,0.3498964803312629,0.0,0.0,0.4306418219461698,0.0,0.0,1.8729754080157148,1.0,0.0,0.0,Qwen/Qwen2.5-7B-Instruct,pooled,overall,13
overall,ALWAYS_LOCAL,966,0.6925465838509317,0.6925465838509317,1.0,0.6107660455486542,0.0,0.36231884057971014,1.0,2.124212227958904,0.0,1.0,0.0,Qwen/Qwen2.5-7B-Instruct,pooled,overall,13
overall,ALWAYS_REWRITE_OR_RESTART,966,0.4989648033126294,0.4989648033126294,1.0,0.7784679089026915,0.0,0.0,0.0,2.40171773190317,0.0,0.0,1.0,Qwen/Qwen2.5-7B-Instruct,pooled,overall,13
overall,MATH_TUNED_SIMPLE_RULE,966,0.7308488612836439,0.7308488612836439,0.650103519668737,0.2691511387163561,0.0,0.6057347670250897,0.9657142857142857,1.9837240736828403,0.3498964803312629,0.577639751552795,0.07246376811594203,Qwen/Qwen2.5-7B-Instruct,pooled,overall,13
overall,FORMAT_TUNED_SIMPLE_RULE,966,0.7391304347826086,0.7391304347826086,0.650103519668737,0.2608695652173913,0.0,0.5573248407643312,1.0,1.9898177468387592,0.3498964803312629,0.650103519668737,0.0,Qwen/Qwen2.5-7B-Instruct,pooled,overall,13
overall,POOLED_SIMPLE_2FEATURE,966,0.7329192546583851,0.7329192546583851,0.650103519668737,0.2670807453416149,0.0,0.6019047619047619,0.9028571428571428,2.0428444345257057,0.3498964803312629,0.5434782608695652,0.10662525879917184,Qwen/Qwen2.5-7B-Instruct,pooled,overall,13
overall,POOLED_SIMPLE_3FEATURE,966,0.7329192546583851,0.7329192546583851,0.650103519668737,0.2670807453416149,0.0,0.6019047619047619,0.9028571428571428,2.0428444345257057,0.3498964803312629,0.5434782608695652,0.10662525879917184,Qwen/Qwen2.5-7B-Instruct,pooled,overall,13
overall,POOLED_SIMPLE_THRESHOLDED_TREE,966,0.7308488612836439,0.7308488612836439,0.650103519668737,0.2691511387163561,0.0,0.6172161172161172,0.9628571428571429,1.9682036464866135,0.3498964803312629,0.5652173913043478,0.08488612836438923,Qwen/Qwen2.5-7B-Instruct,pooled,overall,13
overall,POOLED_RULE_BEST,966,0.7308488612836439,0.7308488612836439,0.650103519668737,0.2691511387163561,0.0,0.6172161172161172,0.9628571428571429,1.9682036464866135,0.3498964803312629,0.5652173913043478,0.08488612836438923,Qwen/Qwen2.5-7B-Instruct,pooled,overall,13
overall,POOLED_LEARNED_GATE,966,0.7008281573498965,0.7008281573498965,0.6459627329192547,0.2950310559006211,0.0010351966873706005,0.7037974683544304,0.7942857142857143,2.04863118666068,0.35403726708074534,0.40890269151138714,0.2370600414078675,Qwen/Qwen2.5-7B-Instruct,pooled,overall,13
overall,MATH_DOMAIN_LEARNED_GATE,966,0.6997929606625258,0.6997929606625258,0.6325051759834368,0.2826086956521739,0.005175983436853002,0.7308707124010554,0.7914285714285715,2.0401881747854023,0.36749482401656314,0.39233954451345754,0.2401656314699793,Qwen/Qwen2.5-7B-Instruct,pooled,overall,13
overall,FORMAT_DOMAIN_LEARNED_GATE,966,0.7028985507246377,0.7028985507246377,0.860248447204969,0.4803312629399586,0.002070393374741201,0.43669250645994834,0.9657142857142857,1.9827204225334198,0.13975155279503104,0.8012422360248447,0.059006211180124224,Qwen/Qwen2.5-7B-Instruct,pooled,overall,13
overall,ORACLE_POLICY,966,0.7805383022774327,0.7805383022774327,0.650103519668737,0.2194616977225673,0.0,0.9308510638297872,1.0,2.0080162763810576,0.3498964803312629,0.38923395445134573,0.2608695652173913,Qwen/Qwen2.5-7B-Instruct,pooled,overall,13
format:overall,NO_INTERVENTION,248,0.4798387096774194,0.4798387096774194,0.0,0.0,0.1774193548387097,0.0,0.0,3.220851492281297,1.0,0.0,0.0,Qwen/Qwen2.5-7B-Instruct,format,overall,13
format:overall,ALWAYS_LOCAL,248,0.5685483870967742,0.5685483870967742,1.0,0.8346774193548387,0.0,0.14112903225806453,1.0,3.7703057046296196,0.0,1.0,0.0,Qwen/Qwen2.5-7B-Instruct,format,overall,13
format:overall,ALWAYS_REWRITE_OR_RESTART,248,0.5282258064516129,0.5282258064516129,1.0,0.9516129032258065,0.0,0.0,0.0,3.20300383126596,0.0,0.0,1.0,Qwen/Qwen2.5-7B-Instruct,format,overall,13
format:overall,MATH_TUNED_SIMPLE_RULE,248,0.6088709677419355,0.6088709677419355,0.5201612903225806,0.3911290322580645,0.0,0.27472527472527475,0.7142857142857143,3.416911096858507,0.4798387096774194,0.36693548387096775,0.1532258064516129,Qwen/Qwen2.5-7B-Instruct,format,overall,13
format:overall,FORMAT_TUNED_SIMPLE_RULE,248,0.6451612903225806,0.6451612903225806,0.5201612903225806,0.3548387096774194,0.0,0.2713178294573643,1.0,3.502121117782794,0.4798387096774194,0.5201612903225806,0.0,Qwen/Qwen2.5-7B-Instruct,format,overall,13
format:overall,POOLED_SIMPLE_2FEATURE,248,0.6451612903225806,0.6451612903225806,0.5201612903225806,0.3548387096774194,0.0,0.2713178294573643,1.0,3.502121117782794,0.4798387096774194,0.5201612903225806,0.0,Qwen/Qwen2.5-7B-Instruct,format,overall,13
format:overall,POOLED_SIMPLE_3FEATURE,248,0.6451612903225806,0.6451612903225806,0.5201612903225806,0.3548387096774194,0.0,0.2713178294573643,1.0,3.502121117782794,0.4798387096774194,0.5201612903225806,0.0,Qwen/Qwen2.5-7B-Instruct,format,overall,13
format:overall,POOLED_SIMPLE_THRESHOLDED_TREE,248,0.6088709677419355,0.6088709677419355,0.5201612903225806,0.3911290322580645,0.0,0.3037974683544304,0.6857142857142857,3.356456529634494,0.4798387096774194,0.3185483870967742,0.20161290322580644,Qwen/Qwen2.5-7B-Instruct,format,overall,13
format:overall,POOLED_RULE_BEST,248,0.6088709677419355,0.6088709677419355,0.5201612903225806,0.3911290322580645,0.0,0.3037974683544304,0.6857142857142857,3.356456529634494,0.4798387096774194,0.3185483870967742,0.20161290322580644,Qwen/Qwen2.5-7B-Instruct,format,overall,13
format:overall,POOLED_LEARNED_GATE,248,0.5241935483870968,0.5241935483870968,0.5201612903225806,0.47580645161290325,0.0,0.08108108108108109,0.08571428571428572,3.4234779168900493,0.4798387096774194,0.14919354838709678,0.3709677419354839,Qwen/Qwen2.5-7B-Instruct,format,overall,13
format:overall,MATH_DOMAIN_LEARNED_GATE,248,0.5241935483870968,0.5241935483870968,0.5201612903225806,0.47580645161290325,0.0,0.06451612903225806,0.05714285714285714,3.3993767195009448,0.4798387096774194,0.125,0.3951612903225806,Qwen/Qwen2.5-7B-Instruct,format,overall,13
format:overall,FORMAT_DOMAIN_LEARNED_GATE,248,0.6088709677419355,0.6088709677419355,0.4717741935483871,0.34274193548387094,0.008064516129032258,0.38333333333333336,0.6571428571428571,3.2257778472473633,0.5282258064516129,0.24193548387096775,0.22983870967741934,Qwen/Qwen2.5-7B-Instruct,format,overall,13
format:overall,ORACLE_POLICY,248,0.657258064516129,0.657258064516129,0.5201612903225806,0.34274193548387094,0.0,0.8536585365853658,1.0,3.1893240368451865,0.4798387096774194,0.16532258064516128,0.3548387096774194,Qwen/Qwen2.5-7B-Instruct,format,overall,13
format:ifbench,NO_INTERVENTION,113,0.22123893805309736,0.22123893805309736,0.0,0.0,0.24778761061946902,0.0,0.0,2.9441386043399045,1.0,0.0,0.0,Qwen/Qwen2.5-7B-Instruct,format,ifbench,13
format:ifbench,ALWAYS_LOCAL,113,0.39823008849557523,0.39823008849557523,1.0,0.7699115044247787,0.0,0.19469026548672566,1.0,3.437650169765132,0.0,1.0,0.0,Qwen/Qwen2.5-7B-Instruct,format,ifbench,13
format:ifbench,ALWAYS_REWRITE_OR_RESTART,113,0.2743362831858407,0.2743362831858407,1.0,0.9469026548672567,0.0,0.0,0.0,2.900243488503043,0.0,0.0,1.0,Qwen/Qwen2.5-7B-Instruct,format,ifbench,13
format:ifbench,MATH_TUNED_SIMPLE_RULE,113,0.39823008849557523,0.39823008849557523,0.7787610619469026,0.6017699115044248,0.0,0.27586206896551724,0.7272727272727273,3.0785204848126235,0.22123893805309736,0.5132743362831859,0.26548672566371684,Qwen/Qwen2.5-7B-Instruct,format,ifbench,13
format:ifbench,FORMAT_TUNED_SIMPLE_RULE,113,0.45132743362831856,0.45132743362831856,0.7787610619469026,0.5486725663716814,0.0,0.25,1.0,3.250602595734748,0.22123893805309736,0.7787610619469026,0.0,Qwen/Qwen2.5-7B-Instruct,format,ifbench,13
format:ifbench,POOLED_SIMPLE_2FEATURE,113,0.45132743362831856,0.45132743362831856,0.7787610619469026,0.5486725663716814,0.0,0.25,1.0,3.250602595734748,0.22123893805309736,0.7787610619469026,0.0,Qwen/Qwen2.5-7B-Instruct,format,ifbench,13
format:ifbench,POOLED_SIMPLE_3FEATURE,113,0.45132743362831856,0.45132743362831856,0.7787610619469026,0.5486725663716814,0.0,0.25,1.0,3.250602595734748,0.22123893805309736,0.7787610619469026,0.0,Qwen/Qwen2.5-7B-Instruct,format,ifbench,13
format:ifbench,POOLED_SIMPLE_THRESHOLDED_TREE,113,0.39823008849557523,0.39823008849557523,0.7787610619469026,0.6017699115044248,0.0,0.32608695652173914,0.6818181818181818,2.94584143462187,0.22123893805309736,0.40707964601769914,0.37168141592920356,Qwen/Qwen2.5-7B-Instruct,format,ifbench,13
format:ifbench,POOLED_RULE_BEST,113,0.39823008849557523,0.39823008849557523,0.7787610619469026,0.6017699115044248,0.0,0.32608695652173914,0.6818181818181818,2.94584143462187,0.22123893805309736,0.40707964601769914,0.37168141592920356,Qwen/Qwen2.5-7B-Instruct,format,ifbench,13
format:ifbench,POOLED_LEARNED_GATE,113,0.26548672566371684,0.26548672566371684,0.7787610619469026,0.7345132743362832,0.0,0.058823529411764705,0.045454545454545456,3.0640775244312146,0.22123893805309736,0.1504424778761062,0.6283185840707964,Qwen/Qwen2.5-7B-Instruct,format,ifbench,13
format:ifbench,MATH_DOMAIN_LEARNED_GATE,113,0.26548672566371684,0.26548672566371684,0.7787610619469026,0.7345132743362832,0.0,0.058823529411764705,0.045454545454545456,3.0640775244312146,0.22123893805309736,0.1504424778761062,0.6283185840707964,Qwen/Qwen2.5-7B-Instruct,format,ifbench,13
format:ifbench,FORMAT_DOMAIN_LEARNED_GATE,113,0.39823008849557523,0.39823008849557523,0.672566371681416,0.49557522123893805,0.017699115044247787,0.36585365853658536,0.6818181818181818,2.9261858327668655,0.3274336283185841,0.36283185840707965,0.30973451327433627,Qwen/Qwen2.5-7B-Instruct,format,ifbench,13
format:ifbench,ORACLE_POLICY,113,0.4690265486725664,0.4690265486725664,0.7787610619469026,0.5309734513274337,0.0,0.8461538461538461,1.0,2.963456882378169,0.22123893805309736,0.23008849557522124,0.5486725663716814,Qwen/Qwen2.5-7B-Instruct,format,ifbench,13
format:ifeval_screened,NO_INTERVENTION,135,0.6962962962962963,0.6962962962962963,0.0,0.0,0.11851851851851852,0.0,0.0,3.452470428113722,1.0,0.0,0.0,Qwen/Qwen2.5-7B-Instruct,format,ifeval_screened,13
format:ifeval_screened,ALWAYS_LOCAL,135,0.7111111111111111,0.7111111111111111,1.0,0.8888888888888888,0.0,0.0962962962962963,1.0,4.048750707886561,0.0,1.0,0.0,Qwen/Qwen2.5-7B-Instruct,format,ifeval_screened,13
format:ifeval_screened,ALWAYS_REWRITE_OR_RESTART,135,0.7407407407407407,0.7407407407407407,1.0,0.9555555555555556,0.0,0.0,0.0,3.4564254515045496,0.0,0.0,1.0,Qwen/Qwen2.5-7B-Instruct,format,ifeval_screened,13
format:ifeval_screened,MATH_TUNED_SIMPLE_RULE,135,0.7851851851851852,0.7851851851851852,0.3037037037037037,0.21481481481481482,0.0,0.2727272727272727,0.6923076923076923,3.700156572126542,0.6962962962962963,0.24444444444444444,0.05925925925925926,Qwen/Qwen2.5-7B-Instruct,format,ifeval_screened,13
format:ifeval_screened,FORMAT_TUNED_SIMPLE_RULE,135,0.8074074074074075,0.8074074074074075,0.3037037037037037,0.1925925925925926,0.0,0.3170731707317073,1.0,3.712651436237825,0.6962962962962963,0.3037037037037037,0.0,Qwen/Qwen2.5-7B-Instruct,format,ifeval_screened,13
format:ifeval_screened,POOLED_SIMPLE_2FEATURE,135,0.8074074074074075,0.8074074074074075,0.3037037037037037,0.1925925925925926,0.0,0.3170731707317073,1.0,3.712651436237825,0.6962962962962963,0.3037037037037037,0.0,Qwen/Qwen2.5-7B-Instruct,format,ifeval_screened,13
format:ifeval_screened,POOLED_SIMPLE_3FEATURE,135,0.8074074074074075,0.8074074074074075,0.3037037037037037,0.1925925925925926,0.0,0.3170731707317073,1.0,3.712651436237825,0.6962962962962963,0.3037037037037037,0.0,Qwen/Qwen2.5-7B-Instruct,format,ifeval_screened,13
format:ifeval_screened,POOLED_SIMPLE_THRESHOLDED_TREE,135,0.7851851851851852,0.7851851851851852,0.3037037037037037,0.21481481481481482,0.0,0.2727272727272727,0.6923076923076923,3.700156572126542,0.6962962962962963,0.24444444444444444,0.05925925925925926,Qwen/Qwen2.5-7B-Instruct,format,ifeval_screened,13
format:ifeval_screened,POOLED_RULE_BEST,135,0.7851851851851852,0.7851851851851852,0.3037037037037037,0.21481481481481482,0.0,0.2727272727272727,0.6923076923076923,3.700156572126542,0.6962962962962963,0.24444444444444444,0.05925925925925926,Qwen/Qwen2.5-7B-Instruct,format,ifeval_screened,13
format:ifeval_screened,POOLED_LEARNED_GATE,135,0.7407407407407407,0.7407407407407407,0.3037037037037037,0.25925925925925924,0.0,0.1,0.15384615384615385,3.7243093565037406,0.6962962962962963,0.14814814814814814,0.15555555555555556,Qwen/Qwen2.5-7B-Instruct,format,ifeval_screened,13
format:ifeval_screened,MATH_DOMAIN_LEARNED_GATE,135,0.7407407407407407,0.7407407407407407,0.3037037037037037,0.25925925925925924,0.0,0.07142857142857142,0.07692307692307693,3.680034564263015,0.6962962962962963,0.1037037037037037,0.2,Qwen/Qwen2.5-7B-Instruct,format,ifeval_screened,13
format:ifeval_screened,FORMAT_DOMAIN_LEARNED_GATE,135,0.7851851851851852,0.7851851851851852,0.3037037037037037,0.21481481481481482,0.0,0.42105263157894735,0.6153846153846154,3.4765474593680765,0.6962962962962963,0.14074074074074075,0.16296296296296298,Qwen/Qwen2.5-7B-Instruct,format,ifeval_screened,13
format:ifeval_screened,ORACLE_POLICY,135,0.8148148148148148,0.8148148148148148,0.3037037037037037,0.18518518518518517,0.0,0.8666666666666667,1.0,3.3783832105842455,0.6962962962962963,0.1111111111111111,0.1925925925925926,Qwen/Qwen2.5-7B-Instruct,format,ifeval_screened,13
math:overall,NO_INTERVENTION,718,0.3050139275766017,0.3050139275766017,0.0,0.0,0.5181058495821727,0.0,0.0,1.407413752169107,1.0,0.0,0.0,Qwen/Qwen2.5-7B-Instruct,math,overall,13
math:overall,ALWAYS_LOCAL,718,0.7353760445682451,0.7353760445682451,1.0,0.5334261838440112,0.0,0.4387186629526462,1.0,1.555645121810802,0.0,1.0,0.0,Qwen/Qwen2.5-7B-Instruct,math,overall,13
math:overall,ALWAYS_REWRITE_OR_RESTART,718,0.48885793871866295,0.48885793871866295,1.0,0.7186629526462396,0.0,0.0,0.0,2.124950388390675,0.0,0.0,1.0,Qwen/Qwen2.5-7B-Instruct,math,overall,13
math:overall,MATH_TUNED_SIMPLE_RULE,718,0.7729805013927576,0.7729805013927576,0.6949860724233984,0.22701949860724233,0.0,0.6702355460385439,0.9936507936507937,1.4886956868477912,0.3050139275766017,0.6504178272980501,0.04456824512534819,Qwen/Qwen2.5-7B-Instruct,math,overall,13
math:overall,FORMAT_TUNED_SIMPLE_RULE,718,0.7715877437325905,0.7715877437325905,0.6949860724233984,0.22841225626740946,0.0,0.6312625250501002,1.0,1.4674622649527973,0.3050139275766017,0.6949860724233984,0.0,Qwen/Qwen2.5-7B-Instruct,math,overall,13
math:overall,POOLED_SIMPLE_2FEATURE,718,0.7632311977715878,0.7632311977715878,0.6949860724233984,0.23676880222841226,0.0,0.7095959595959596,0.8920634920634921,1.5388045773561265,0.3050139275766017,0.5515320334261838,0.14345403899721448,Qwen/Qwen2.5-7B-Instruct,math,overall,13
math:overall,POOLED_SIMPLE_3FEATURE,718,0.7632311977715878,0.7632311977715878,0.6949860724233984,0.23676880222841226,0.0,0.7095959595959596,0.8920634920634921,1.5388045773561265,0.3050139275766017,0.5515320334261838,0.14345403899721448,Qwen/Qwen2.5-7B-Instruct,math,overall,13
math:overall,POOLED_SIMPLE_THRESHOLDED_TREE,718,0.7729805013927576,0.7729805013927576,0.6949860724233984,0.22701949860724233,0.0,0.6702355460385439,0.9936507936507937,1.4886956868477912,0.3050139275766017,0.6504178272980501,0.04456824512534819,Qwen/Qwen2.5-7B-Instruct,math,overall,13
math:overall,POOLED_RULE_BEST,718,0.7729805013927576,0.7729805013927576,0.6949860724233984,0.22701949860724233,0.0,0.6702355460385439,0.9936507936507937,1.4886956868477912,0.3050139275766017,0.6504178272980501,0.04456824512534819,Qwen/Qwen2.5-7B-Instruct,math,overall,13
math:overall,POOLED_LEARNED_GATE,718,0.7618384401114207,0.7618384401114207,0.6894150417827298,0.23259052924791088,0.001392757660167131,0.7681564245810056,0.873015873015873,1.5737537645201736,0.31058495821727017,0.4986072423398329,0.19080779944289694,Qwen/Qwen2.5-7B-Instruct,math,overall,13
math:overall,MATH_DOMAIN_LEARNED_GATE,718,0.7604456824512534,0.7604456824512534,0.6713091922005571,0.21587743732590528,0.006963788300835654,0.7902298850574713,0.873015873015873,1.5707191509839333,0.3286908077994429,0.48467966573816157,0.18662952646239556,Qwen/Qwen2.5-7B-Instruct,math,overall,13
math:overall,FORMAT_DOMAIN_LEARNED_GATE,718,0.7353760445682451,0.7353760445682451,0.9944289693593314,0.5278551532033426,0.0,0.4411764705882353,1.0,1.5533635404595227,0.005571030640668524,0.9944289693593314,0.0,Qwen/Qwen2.5-7B-Instruct,math,overall,13
math:overall,ORACLE_POLICY,718,0.8231197771587744,0.8231197771587744,0.6949860724233984,0.17688022284122562,0.0,0.9402985074626866,1.0,1.5999879691455368,0.3050139275766017,0.46657381615598886,0.22841225626740946,Qwen/Qwen2.5-7B-Instruct,math,overall,13
math:hard_cluster_main_r2,NO_INTERVENTION,550,0.28,0.28,0.0,0.0,0.54,0.0,0.0,1.4223062784284015,1.0,0.0,0.0,Qwen/Qwen2.5-7B-Instruct,math,hard_cluster_main_r2,13
math:hard_cluster_main_r2,ALWAYS_LOCAL,550,0.7345454545454545,0.7345454545454545,1.0,0.5127272727272727,0.0,0.4581818181818182,1.0,1.5756974416581744,0.0,1.0,0.0,Qwen/Qwen2.5-7B-Instruct,math,hard_cluster_main_r2,13
math:hard_cluster_main_r2,ALWAYS_REWRITE_OR_RESTART,550,0.4818181818181818,0.4818181818181818,1.0,0.7054545454545454,0.0,0.0,0.0,2.1320952684694734,0.0,0.0,1.0,Qwen/Qwen2.5-7B-Instruct,math,hard_cluster_main_r2,13
math:hard_cluster_main_r2,MATH_TUNED_SIMPLE_RULE,550,0.7672727272727272,0.7672727272727272,0.72,0.23272727272727273,0.0,0.6793478260869565,0.9920634920634921,1.5166805071451448,0.28,0.6690909090909091,0.05090909090909091,Qwen/Qwen2.5-7B-Instruct,math,hard_cluster_main_r2,13
math:hard_cluster_main_r2,FORMAT_TUNED_SIMPLE_RULE,550,0.7672727272727272,0.7672727272727272,0.72,0.23272727272727273,0.0,0.6363636363636364,1.0,1.4925957638609477,0.28,0.72,0.0,Qwen/Qwen2.5-7B-Instruct,math,hard_cluster_main_r2,13
math:hard_cluster_main_r2,POOLED_SIMPLE_2FEATURE,550,0.7618181818181818,0.7618181818181818,0.72,0.2381818181818182,0.0,0.717948717948718,0.8888888888888888,1.5706821972233327,0.28,0.5672727272727273,0.15272727272727274,Qwen/Qwen2.5-7B-Instruct,math,hard_cluster_main_r2,13
math:hard_cluster_main_r2,POOLED_SIMPLE_3FEATURE,550,0.7618181818181818,0.7618181818181818,0.72,0.2381818181818182,0.0,0.717948717948718,0.8888888888888888,1.5706821972233327,0.28,0.5672727272727273,0.15272727272727274,Qwen/Qwen2.5-7B-Instruct,math,hard_cluster_main_r2,13
math:hard_cluster_main_r2,POOLED_SIMPLE_THRESHOLDED_TREE,550,0.7672727272727272,0.7672727272727272,0.72,0.23272727272727273,0.0,0.6793478260869565,0.9920634920634921,1.5166805071451448,0.28,0.6690909090909091,0.05090909090909091,Qwen/Qwen2.5-7B-Instruct,math,hard_cluster_main_r2,13
math:hard_cluster_main_r2,POOLED_RULE_BEST,550,0.7672727272727272,0.7672727272727272,0.72,0.23272727272727273,0.0,0.6793478260869565,0.9920634920634921,1.5166805071451448,0.28,0.6690909090909091,0.05090909090909091,Qwen/Qwen2.5-7B-Instruct,math,hard_cluster_main_r2,13
math:hard_cluster_main_r2,POOLED_LEARNED_GATE,550,0.7618181818181818,0.7618181818181818,0.72,0.2381818181818182,0.0,0.7956204379562044,0.8650793650793651,1.6202885810455139,0.28,0.49818181818181817,0.22181818181818183,Qwen/Qwen2.5-7B-Instruct,math,hard_cluster_main_r2,13
math:hard_cluster_main_r2,MATH_DOMAIN_LEARNED_GATE,550,0.76,0.76,0.7145454545454546,0.23454545454545456,0.0018181818181818182,0.7956204379562044,0.8650793650793651,1.6165991629397667,0.28545454545454546,0.49818181818181817,0.21636363636363637,Qwen/Qwen2.5-7B-Instruct,math,hard_cluster_main_r2,13
math:hard_cluster_main_r2,FORMAT_DOMAIN_LEARNED_GATE,550,0.7345454545454545,0.7345454545454545,0.9963636363636363,0.509090909090909,0.0,0.45985401459854014,1.0,1.573086874294518,0.0036363636363636364,0.9963636363636363,0.0,Qwen/Qwen2.5-7B-Instruct,math,hard_cluster_main_r2,13
math:hard_cluster_main_r2,ORACLE_POLICY,550,0.82,0.82,0.72,0.18,0.0,0.9402985074626866,1.0,1.6199484344317832,0.28,0.48727272727272725,0.23272727272727273,Qwen/Qwen2.5-7B-Instruct,math,hard_cluster_main_r2,13
math:hard_generic_main_r2,NO_INTERVENTION,168,0.3869047619047619,0.3869047619047619,0.0,0.0,0.44642857142857145,0.0,0.0,1.3586584578678456,1.0,0.0,0.0,Qwen/Qwen2.5-7B-Instruct,math,hard_generic_main_r2,13
math:hard_generic_main_r2,ALWAYS_LOCAL,168,0.7380952380952381,0.7380952380952381,1.0,0.6011904761904762,0.0,0.375,1.0,1.48999764612,0.0,1.0,0.0,Qwen/Qwen2.5-7B-Instruct,math,hard_generic_main_r2,13
math:hard_generic_main_r2,ALWAYS_REWRITE_OR_RESTART,168,0.5119047619047619,0.5119047619047619,1.0,0.7619047619047619,0.0,0.0,0.0,2.101559411942227,0.0,0.0,1.0,Qwen/Qwen2.5-7B-Instruct,math,hard_generic_main_r2,13
math:hard_generic_main_r2,MATH_TUNED_SIMPLE_RULE,168,0.7916666666666666,0.7916666666666666,0.6130952380952381,0.20833333333333334,0.0,0.6363636363636364,1.0,1.3970787156362174,0.3869047619047619,0.5892857142857143,0.023809523809523808,Qwen/Qwen2.5-7B-Instruct,math,hard_generic_main_r2,13
math:hard_generic_main_r2,FORMAT_TUNED_SIMPLE_RULE,168,0.7857142857142857,0.7857142857142857,0.6130952380952381,0.21428571428571427,0.0,0.6116504854368932,1.0,1.3851799768606379,0.3869047619047619,0.6130952380952381,0.0,Qwen/Qwen2.5-7B-Instruct,math,hard_generic_main_r2,13
math:hard_generic_main_r2,POOLED_SIMPLE_2FEATURE,168,0.7678571428571429,0.7678571428571429,0.6130952380952381,0.23214285714285715,0.0,0.6785714285714286,0.9047619047619048,1.434443321838487,0.3869047619047619,0.5,0.1130952380952381,Qwen/Qwen2.5-7B-Instruct,math,hard_generic_main_r2,13
math:hard_generic_main_r2,POOLED_SIMPLE_3FEATURE,168,0.7678571428571429,0.7678571428571429,0.6130952380952381,0.23214285714285715,0.0,0.6785714285714286,0.9047619047619048,1.434443321838487,0.3869047619047619,0.5,0.1130952380952381,Qwen/Qwen2.5-7B-Instruct,math,hard_generic_main_r2,13
math:hard_generic_main_r2,POOLED_SIMPLE_THRESHOLDED_TREE,168,0.7916666666666666,0.7916666666666666,0.6130952380952381,0.20833333333333334,0.0,0.6363636363636364,1.0,1.3970787156362174,0.3869047619047619,0.5892857142857143,0.023809523809523808,Qwen/Qwen2.5-7B-Instruct,math,hard_generic_main_r2,13
math:hard_generic_main_r2,POOLED_RULE_BEST,168,0.7916666666666666,0.7916666666666666,0.6130952380952381,0.20833333333333334,0.0,0.6363636363636364,1.0,1.3970787156362174,0.3869047619047619,0.5892857142857143,0.023809523809523808,Qwen/Qwen2.5-7B-Instruct,math,hard_generic_main_r2,13
math:hard_generic_main_r2,POOLED_LEARNED_GATE,168,0.7619047619047619,0.7619047619047619,0.5892857142857143,0.21428571428571427,0.005952380952380952,0.6785714285714286,0.9047619047619048,1.421407638990786,0.4107142857142857,0.5,0.08928571428571429,Qwen/Qwen2.5-7B-Instruct,math,hard_generic_main_r2,13
math:hard_generic_main_r2,MATH_DOMAIN_LEARNED_GATE,168,0.7619047619047619,0.7619047619047619,0.5297619047619048,0.15476190476190477,0.023809523809523808,0.7702702702702703,0.9047619047619048,1.4205167308904318,0.47023809523809523,0.44047619047619047,0.08928571428571429,Qwen/Qwen2.5-7B-Instruct,math,hard_generic_main_r2,13
math:hard_generic_main_r2,FORMAT_DOMAIN_LEARNED_GATE,168,0.7380952380952381,0.7380952380952381,0.9880952380952381,0.5892857142857143,0.0,0.3795180722891566,1.0,1.488793102309241,0.011904761904761904,0.9880952380952381,0.0,Qwen/Qwen2.5-7B-Instruct,math,hard_generic_main_r2,13
math:hard_generic_main_r2,ORACLE_POLICY,168,0.8333333333333334,0.8333333333333334,0.6130952380952381,0.16666666666666666,0.0,0.9402985074626866,1.0,1.534641207791754,0.3869047619047619,0.39880952380952384,0.21428571428571427,Qwen/Qwen2.5-7B-Instruct,math,hard_generic_main_r2,13
overall,NO_INTERVENTION,907,0.3296582138919515,0.3296582138919515,0.0,0.0,0.46306504961411243,0.0,0.0,1.8771917786615537,1.0,0.0,0.0,Qwen/Qwen2.5-7B-Instruct,pooled,overall,29
overall,ALWAYS_LOCAL,907,0.7034178610804851,0.7034178610804851,1.0,0.5843439911797134,0.0,0.38588754134509373,1.0,2.2044874498011726,0.0,1.0,0.0,Qwen/Qwen2.5-7B-Instruct,pooled,overall,29
overall,ALWAYS_REWRITE_OR_RESTART,907,0.4729878721058434,0.4729878721058434,1.0,0.782800441014333,0.0,0.0,0.0,2.4333101230485585,0.0,0.0,1.0,Qwen/Qwen2.5-7B-Instruct,pooled,overall,29
overall,MATH_TUNED_SIMPLE_RULE,907,0.743109151047409,0.743109151047409,0.6703417861080485,0.25689084895259096,0.0,0.618018018018018,0.98,2.066224518665364,0.3296582138919515,0.6119073869900772,0.05843439911797133,Qwen/Qwen2.5-7B-Instruct,pooled,overall,29
overall,FORMAT_TUNED_SIMPLE_RULE,907,0.7453142227122381,0.7453142227122381,0.6703417861080485,0.25468577728776187,0.0,0.5756578947368421,1.0,2.06580587442915,0.3296582138919515,0.6703417861080485,0.0,Qwen/Qwen2.5-7B-Instruct,pooled,overall,29
overall,POOLED_SIMPLE_2FEATURE,907,0.7453142227122381,0.7453142227122381,0.6703417861080485,0.25468577728776187,0.0,0.5756578947368421,1.0,2.06580587442915,0.3296582138919515,0.6703417861080485,0.0,Qwen/Qwen2.5-7B-Instruct,pooled,overall,29
overall,POOLED_SIMPLE_3FEATURE,907,0.7453142227122381,0.7453142227122381,0.6703417861080485,0.25468577728776187,0.0,0.5756578947368421,1.0,2.06580587442915,0.3296582138919515,0.6703417861080485,0.0,Qwen/Qwen2.5-7B-Instruct,pooled,overall,29
overall,POOLED_SIMPLE_THRESHOLDED_TREE,907,0.743109151047409,0.743109151047409,0.6703417861080485,0.25689084895259096,0.0,0.618018018018018,0.98,2.066224518665364,0.3296582138919515,0.6119073869900772,0.05843439911797133,Qwen/Qwen2.5-7B-Instruct,pooled,overall,29
overall,POOLED_RULE_BEST,907,0.7453142227122381,0.7453142227122381,0.6703417861080485,0.25468577728776187,0.0,0.5756578947368421,1.0,2.06580587442915,0.3296582138919515,0.6703417861080485,0.0,Qwen/Qwen2.5-7B-Instruct,pooled,overall,29
overall,POOLED_LEARNED_GATE,907,0.7199558985667034,0.7199558985667034,0.6670341786108048,0.27673649393605293,0.0011025358324145535,0.7115384615384616,0.8457142857142858,2.0812138715700392,0.33296582138919517,0.45865490628445427,0.20837927232635062,Qwen/Qwen2.5-7B-Instruct,pooled,overall,29
overall,MATH_DOMAIN_LEARNED_GATE,907,0.7177508269018743,0.7177508269018743,0.6670341786108048,0.278941565600882,0.0011025358324145535,0.7686170212765957,0.8257142857142857,2.016752351249456,0.33296582138919517,0.4145534729878721,0.25248070562293273,Qwen/Qwen2.5-7B-Instruct,pooled,overall,29
overall,FORMAT_DOMAIN_LEARNED_GATE,907,0.7177508269018743,0.7177508269018743,0.8798235942668137,0.4696802646085998,0.0,0.44155844155844154,0.9714285714285714,2.0713060891107875,0.12017640573318633,0.8489525909592062,0.030871003307607496,Qwen/Qwen2.5-7B-Instruct,pooled,overall,29
overall,ORACLE_POLICY,907,0.7927232635060639,0.7927232635060639,0.6703417861080485,0.20727673649393605,0.0,0.9283819628647215,1.0,2.060616914100756,0.3296582138919515,0.41565600882028664,0.25468577728776187,Qwen/Qwen2.5-7B-Instruct,pooled,overall,29
format:overall,NO_INTERVENTION,235,0.46382978723404256,0.46382978723404256,0.0,0.0,0.19148936170212766,0.0,0.0,3.2556601304679793,1.0,0.0,0.0,Qwen/Qwen2.5-7B-Instruct,format,overall,29
format:overall,ALWAYS_LOCAL,235,0.5531914893617021,0.5531914893617021,1.0,0.8340425531914893,0.0,0.14893617021276595,1.0,4.077344374610309,0.0,1.0,0.0,Qwen/Qwen2.5-7B-Instruct,format,overall,29
format:overall,ALWAYS_REWRITE_OR_RESTART,235,0.5191489361702127,0.5191489361702127,1.0,0.9446808510638298,0.0,0.0,0.0,3.2605611869906808,0.0,0.0,1.0,Qwen/Qwen2.5-7B-Instruct,format,overall,29
format:overall,MATH_TUNED_SIMPLE_RULE,235,0.6170212765957447,0.6170212765957447,0.5361702127659574,0.3829787234042553,0.0,0.29896907216494845,0.8285714285714286,3.659886558550073,0.46382978723404256,0.4127659574468085,0.12340425531914893,Qwen/Qwen2.5-7B-Instruct,format,overall,29
format:overall,FORMAT_TUNED_SIMPLE_RULE,235,0.6297872340425532,0.6297872340425532,0.5361702127659574,0.3702127659574468,0.0,0.2777777777777778,1.0,3.7269637321775897,0.46382978723404256,0.5361702127659574,0.0,Qwen/Qwen2.5-7B-Instruct,format,overall,29
format:overall,POOLED_SIMPLE_2FEATURE,235,0.6297872340425532,0.6297872340425532,0.5361702127659574,0.3702127659574468,0.0,0.2777777777777778,1.0,3.7269637321775897,0.46382978723404256,0.5361702127659574,0.0,Qwen/Qwen2.5-7B-Instruct,format,overall,29
format:overall,POOLED_SIMPLE_3FEATURE,235,0.6297872340425532,0.6297872340425532,0.5361702127659574,0.3702127659574468,0.0,0.2777777777777778,1.0,3.7269637321775897,0.46382978723404256,0.5361702127659574,0.0,Qwen/Qwen2.5-7B-Instruct,format,overall,29
format:overall,POOLED_SIMPLE_THRESHOLDED_TREE,235,0.6170212765957447,0.6170212765957447,0.5361702127659574,0.3829787234042553,0.0,0.29896907216494845,0.8285714285714286,3.659886558550073,0.46382978723404256,0.4127659574468085,0.12340425531914893,Qwen/Qwen2.5-7B-Instruct,format,overall,29
format:overall,POOLED_RULE_BEST,235,0.6297872340425532,0.6297872340425532,0.5361702127659574,0.3702127659574468,0.0,0.2777777777777778,1.0,3.7269637321775897,0.46382978723404256,0.5361702127659574,0.0,Qwen/Qwen2.5-7B-Instruct,format,overall,29
format:overall,POOLED_LEARNED_GATE,235,0.5446808510638298,0.5446808510638298,0.5361702127659574,0.4553191489361702,0.0,0.24390243902439024,0.2857142857142857,3.516336602168752,0.46382978723404256,0.17446808510638298,0.3617021276595745,Qwen/Qwen2.5-7B-Instruct,format,overall,29
format:overall,MATH_DOMAIN_LEARNED_GATE,235,0.5319148936170213,0.5319148936170213,0.5361702127659574,0.46808510638297873,0.0,0.6,0.08571428571428572,3.2547623520538687,0.46382978723404256,0.02127659574468085,0.5148936170212766,Qwen/Qwen2.5-7B-Instruct,format,overall,29
format:overall,FORMAT_DOMAIN_LEARNED_GATE,235,0.6085106382978723,0.6085106382978723,0.5361702127659574,0.39148936170212767,0.0,0.25510204081632654,0.7142857142857143,3.563320995264865,0.46382978723404256,0.41702127659574467,0.11914893617021277,Qwen/Qwen2.5-7B-Instruct,format,overall,29
format:overall,ORACLE_POLICY,235,0.6553191489361702,0.6553191489361702,0.5361702127659574,0.3446808510638298,0.0,0.8974358974358975,1.0,3.295287097972679,0.46382978723404256,0.16595744680851063,0.3702127659574468,Qwen/Qwen2.5-7B-Instruct,format,overall,29
format:ifbench,NO_INTERVENTION,106,0.2830188679245283,0.2830188679245283,0.0,0.0,0.2169811320754717,0.0,0.0,3.165328949136343,1.0,0.0,0.0,Qwen/Qwen2.5-7B-Instruct,format,ifbench,29
format:ifbench,ALWAYS_LOCAL,106,0.37735849056603776,0.37735849056603776,1.0,0.8113207547169812,0.0,0.16037735849056603,1.0,3.876275135854365,0.0,1.0,0.0,Qwen/Qwen2.5-7B-Instruct,format,ifbench,29
format:ifbench,ALWAYS_REWRITE_OR_RESTART,106,0.33962264150943394,0.33962264150943394,1.0,0.9433962264150944,0.0,0.0,0.0,3.1525713540306137,0.0,0.0,1.0,Qwen/Qwen2.5-7B-Instruct,format,ifbench,29
format:ifbench,MATH_TUNED_SIMPLE_RULE,106,0.4528301886792453,0.4528301886792453,0.7169811320754716,0.5471698113207547,0.0,0.2692307692307692,0.8235294117647058,3.3310677700825386,0.2830188679245283,0.49056603773584906,0.22641509433962265,Qwen/Qwen2.5-7B-Instruct,format,ifbench,29
format:ifbench,FORMAT_TUNED_SIMPLE_RULE,106,0.4716981132075472,0.4716981132075472,0.7169811320754716,0.5283018867924528,0.0,0.2236842105263158,1.0,3.5263016537262373,0.2830188679245283,0.7169811320754716,0.0,Qwen/Qwen2.5-7B-Instruct,format,ifbench,29
format:ifbench,POOLED_SIMPLE_2FEATURE,106,0.4716981132075472,0.4716981132075472,0.7169811320754716,0.5283018867924528,0.0,0.2236842105263158,1.0,3.5263016537262373,0.2830188679245283,0.7169811320754716,0.0,Qwen/Qwen2.5-7B-Instruct,format,ifbench,29
format:ifbench,POOLED_SIMPLE_3FEATURE,106,0.4716981132075472,0.4716981132075472,0.7169811320754716,0.5283018867924528,0.0,0.2236842105263158,1.0,3.5263016537262373,0.2830188679245283,0.7169811320754716,0.0,Qwen/Qwen2.5-7B-Instruct,format,ifbench,29
format:ifbench,POOLED_SIMPLE_THRESHOLDED_TREE,106,0.4528301886792453,0.4528301886792453,0.7169811320754716,0.5471698113207547,0.0,0.2692307692307692,0.8235294117647058,3.3310677700825386,0.2830188679245283,0.49056603773584906,0.22641509433962265,Qwen/Qwen2.5-7B-Instruct,format,ifbench,29
format:ifbench,POOLED_RULE_BEST,106,0.4716981132075472,0.4716981132075472,0.7169811320754716,0.5283018867924528,0.0,0.2236842105263158,1.0,3.5263016537262373,0.2830188679245283,0.7169811320754716,0.0,Qwen/Qwen2.5-7B-Instruct,format,ifbench,29
format:ifbench,POOLED_LEARNED_GATE,106,0.3584905660377358,0.3584905660377358,0.7169811320754716,0.6415094339622641,0.0,0.2,0.17647058823529413,3.2546888949340738,0.2830188679245283,0.14150943396226415,0.5754716981132075,Qwen/Qwen2.5-7B-Instruct,format,ifbench,29
format:ifbench,MATH_DOMAIN_LEARNED_GATE,106,0.36792452830188677,0.36792452830188677,0.7169811320754716,0.6320754716981132,0.0,0.6,0.17647058823529413,3.1397154463876813,0.2830188679245283,0.04716981132075472,0.6698113207547169,Qwen/Qwen2.5-7B-Instruct,format,ifbench,29
format:ifbench,FORMAT_DOMAIN_LEARNED_GATE,106,0.44339622641509435,0.44339622641509435,0.7169811320754716,0.5566037735849056,0.0,0.19718309859154928,0.8235294117647058,3.53915756136917,0.2830188679245283,0.6698113207547169,0.04716981132075472,Qwen/Qwen2.5-7B-Instruct,format,ifbench,29
format:ifbench,ORACLE_POLICY,106,0.5,0.5,0.7169811320754716,0.5,0.0,0.85,1.0,3.142331993106296,0.2830188679245283,0.18867924528301888,0.5283018867924528,Qwen/Qwen2.5-7B-Instruct,format,ifbench,29
format:ifeval_screened,NO_INTERVENTION,129,0.6124031007751938,0.6124031007751938,0.0,0.0,0.17054263565891473,0.0,0.0,3.3298857523373857,1.0,0.0,0.0,Qwen/Qwen2.5-7B-Instruct,format,ifeval_screened,29
format:ifeval_screened,ALWAYS_LOCAL,129,0.6976744186046512,0.6976744186046512,1.0,0.8527131782945736,0.0,0.13953488372093023,1.0,4.242564059169458,0.0,1.0,0.0,Qwen/Qwen2.5-7B-Instruct,format,ifeval_screened,29
format:ifeval_screened,ALWAYS_REWRITE_OR_RESTART,129,0.6666666666666666,0.6666666666666666,1.0,0.9457364341085271,0.0,0.0,0.0,3.3492970187253093,0.0,0.0,1.0,Qwen/Qwen2.5-7B-Instruct,format,ifeval_screened,29
format:ifeval_screened,MATH_TUNED_SIMPLE_RULE,129,0.751937984496124,0.751937984496124,0.3875968992248062,0.24806201550387597,0.0,0.3333333333333333,0.8333333333333334,3.9300787413218456,0.6124031007751938,0.3488372093023256,0.03875968992248062,Qwen/Qwen2.5-7B-Instruct,format,ifeval_screened,29
format:ifeval_screened,FORMAT_TUNED_SIMPLE_RULE,129,0.7596899224806202,0.7596899224806202,0.3875968992248062,0.24031007751937986,0.0,0.36,1.0,3.891848850905058,0.6124031007751938,0.3875968992248062,0.0,Qwen/Qwen2.5-7B-Instruct,format,ifeval_screened,29
format:ifeval_screened,POOLED_SIMPLE_2FEATURE,129,0.7596899224806202,0.7596899224806202,0.3875968992248062,0.24031007751937986,0.0,0.36,1.0,3.891848850905058,0.6124031007751938,0.3875968992248062,0.0,Qwen/Qwen2.5-7B-Instruct,format,ifeval_screened,29
format:ifeval_screened,POOLED_SIMPLE_3FEATURE,129,0.7596899224806202,0.7596899224806202,0.3875968992248062,0.24031007751937986,0.0,0.36,1.0,3.891848850905058,0.6124031007751938,0.3875968992248062,0.0,Qwen/Qwen2.5-7B-Instruct,format,ifeval_screened,29
format:ifeval_screened,POOLED_SIMPLE_THRESHOLDED_TREE,129,0.751937984496124,0.751937984496124,0.3875968992248062,0.24806201550387597,0.0,0.3333333333333333,0.8333333333333334,3.9300787413218456,0.6124031007751938,0.3488372093023256,0.03875968992248062,Qwen/Qwen2.5-7B-Instruct,format,ifeval_screened,29
format:ifeval_screened,POOLED_RULE_BEST,129,0.7596899224806202,0.7596899224806202,0.3875968992248062,0.24031007751937986,0.0,0.36,1.0,3.891848850905058,0.6124031007751938,0.3875968992248062,0.0,Qwen/Qwen2.5-7B-Instruct,format,ifeval_screened,29
format:ifeval_screened,POOLED_LEARNED_GATE,129,0.6976744186046512,0.6976744186046512,0.3875968992248062,0.3023255813953488,0.0,0.2692307692307692,0.3888888888888889,3.7313339429972476,0.6124031007751938,0.20155038759689922,0.18604651162790697,Qwen/Qwen2.5-7B-Instruct,format,ifeval_screened,29
format:ifeval_screened,MATH_DOMAIN_LEARNED_GATE,129,0.6666666666666666,0.6666666666666666,0.3875968992248062,0.3333333333333333,0.0,0.0,0.0,3.3492970187253093,0.6124031007751938,0.0,0.3875968992248062,Qwen/Qwen2.5-7B-Instruct,format,ifeval_screened,29
format:ifeval_screened,FORMAT_DOMAIN_LEARNED_GATE,129,0.7441860465116279,0.7441860465116279,0.3875968992248062,0.2558139534883721,0.0,0.4074074074074074,0.6111111111111112,3.5831762200163664,0.6124031007751938,0.20930232558139536,0.17829457364341086,Qwen/Qwen2.5-7B-Instruct,format,ifeval_screened,29
format:ifeval_screened,ORACLE_POLICY,129,0.7829457364341085,0.7829457364341085,0.3875968992248062,0.21705426356589147,0.0,0.9473684210526315,1.0,3.4209711376303273,0.6124031007751938,0.14728682170542637,0.24031007751937986,Qwen/Qwen2.5-7B-Instruct,format,ifeval_screened,29
math:overall,NO_INTERVENTION,672,0.28273809523809523,0.28273809523809523,0.0,0.0,0.5580357142857143,0.0,0.0,1.3951381139673427,1.0,0.0,0.0,Qwen/Qwen2.5-7B-Instruct,math,overall,29
math:overall,ALWAYS_LOCAL,672,0.7559523809523809,0.7559523809523809,1.0,0.49702380952380953,0.0,0.46875,1.0,1.5495449240122634,0.0,1.0,0.0,Qwen/Qwen2.5-7B-Instruct,math,overall,29
math:overall,ALWAYS_REWRITE_OR_RESTART,672,0.4568452380952381,0.4568452380952381,1.0,0.7261904761904762,0.0,0.0,0.0,2.144018456342608,0.0,0.0,1.0,Qwen/Qwen2.5-7B-Instruct,math,overall,29
math:overall,MATH_TUNED_SIMPLE_RULE,672,0.7872023809523809,0.7872023809523809,0.7172619047619048,0.21279761904761904,0.0,0.6855895196506551,0.9968253968253968,1.508917108884253,0.28273809523809523,0.6815476190476191,0.03571428571428571,Qwen/Qwen2.5-7B-Instruct,math,overall,29
math:overall,FORMAT_TUNED_SIMPLE_RULE,672,0.7857142857142857,0.7857142857142857,0.7172619047619048,0.21428571428571427,0.0,0.6535269709543569,1.0,1.4848950164367645,0.28273809523809523,0.7172619047619048,0.0,Qwen/Qwen2.5-7B-Instruct,math,overall,29
math:overall,POOLED_SIMPLE_2FEATURE,672,0.7857142857142857,0.7857142857142857,0.7172619047619048,0.21428571428571427,0.0,0.6535269709543569,1.0,1.4848950164367645,0.28273809523809523,0.7172619047619048,0.0,Qwen/Qwen2.5-7B-Instruct,math,overall,29
math:overall,POOLED_SIMPLE_3FEATURE,672,0.7857142857142857,0.7857142857142857,0.7172619047619048,0.21428571428571427,0.0,0.6535269709543569,1.0,1.4848950164367645,0.28273809523809523,0.7172619047619048,0.0,Qwen/Qwen2.5-7B-Instruct,math,overall,29
math:overall,POOLED_SIMPLE_THRESHOLDED_TREE,672,0.7872023809523809,0.7872023809523809,0.7172619047619048,0.21279761904761904,0.0,0.6855895196506551,0.9968253968253968,1.508917108884253,0.28273809523809523,0.6815476190476191,0.03571428571428571,Qwen/Qwen2.5-7B-Instruct,math,overall,29
math:overall,POOLED_RULE_BEST,672,0.7857142857142857,0.7857142857142857,0.7172619047619048,0.21428571428571427,0.0,0.6535269709543569,1.0,1.4848950164367645,0.28273809523809523,0.7172619047619048,0.0,Qwen/Qwen2.5-7B-Instruct,math,overall,29
math:overall,POOLED_LEARNED_GATE,672,0.78125,0.78125,0.7127976190476191,0.21428571428571427,0.001488095238095238,0.7626666666666667,0.9079365079365079,1.5793480357207867,0.28720238095238093,0.5580357142857143,0.15476190476190477,Qwen/Qwen2.5-7B-Instruct,math,overall,29
math:overall,MATH_DOMAIN_LEARNED_GATE,672,0.7827380952380952,0.7827380952380952,0.7127976190476191,0.21279761904761904,0.001488095238095238,0.77088948787062,0.9079365079365079,1.5838173063252943,0.28720238095238093,0.5520833333333334,0.16071428571428573,Qwen/Qwen2.5-7B-Instruct,math,overall,29
math:overall,FORMAT_DOMAIN_LEARNED_GATE,672,0.7559523809523809,0.7559523809523809,1.0,0.49702380952380953,0.0,0.46875,1.0,1.5495449240122634,0.0,1.0,0.0,Qwen/Qwen2.5-7B-Instruct,math,overall,29
math:overall,ORACLE_POLICY,672,0.8407738095238095,0.8407738095238095,0.7172619047619048,0.15922619047619047,0.0,0.9319526627218935,1.0,1.6288498111098306,0.28273809523809523,0.5029761904761905,0.21428571428571427,Qwen/Qwen2.5-7B-Instruct,math,overall,29
math:hard_cluster_main_r2,NO_INTERVENTION,511,0.2700587084148728,0.2700587084148728,0.0,0.0,0.5694716242661448,0.0,0.0,1.3937710199838618,1.0,0.0,0.0,Qwen/Qwen2.5-7B-Instruct,math,hard_cluster_main_r2,29
math:hard_cluster_main_r2,ALWAYS_LOCAL,511,0.7455968688845401,0.7455968688845401,1.0,0.487279843444227,0.0,0.47162426614481406,1.0,1.5665071756759414,0.0,1.0,0.0,Qwen/Qwen2.5-7B-Instruct,math,hard_cluster_main_r2,29
math:hard_cluster_main_r2,ALWAYS_REWRITE_OR_RESTART,511,0.4637964774951076,0.4637964774951076,1.0,0.7064579256360078,0.0,0.0,0.0,2.1252793800386502,0.0,0.0,1.0,Qwen/Qwen2.5-7B-Instruct,math,hard_cluster_main_r2,29
math:hard_cluster_main_r2,MATH_TUNED_SIMPLE_RULE,511,0.7827788649706457,0.7827788649706457,0.7299412915851272,0.2172211350293542,0.0,0.6798866855524079,0.995850622406639,1.5211662987790229,0.2700587084148728,0.6908023483365949,0.03913894324853229,Qwen/Qwen2.5-7B-Instruct,math,hard_cluster_main_r2,29
math:hard_cluster_main_r2,FORMAT_TUNED_SIMPLE_RULE,511,0.7827788649706457,0.7827788649706457,0.7299412915851272,0.2172211350293542,0.0,0.646112600536193,1.0,1.496438733734912,0.2700587084148728,0.7299412915851272,0.0,Qwen/Qwen2.5-7B-Instruct,math,hard_cluster_main_r2,29
math:hard_cluster_main_r2,POOLED_SIMPLE_2FEATURE,511,0.7827788649706457,0.7827788649706457,0.7299412915851272,0.2172211350293542,0.0,0.646112600536193,1.0,1.496438733734912,0.2700587084148728,0.7299412915851272,0.0,Qwen/Qwen2.5-7B-Instruct,math,hard_cluster_main_r2,29
math:hard_cluster_main_r2,POOLED_SIMPLE_3FEATURE,511,0.7827788649706457,0.7827788649706457,0.7299412915851272,0.2172211350293542,0.0,0.646112600536193,1.0,1.496438733734912,0.2700587084148728,0.7299412915851272,0.0,Qwen/Qwen2.5-7B-Instruct,math,hard_cluster_main_r2,29
math:hard_cluster_main_r2,POOLED_SIMPLE_THRESHOLDED_TREE,511,0.7827788649706457,0.7827788649706457,0.7299412915851272,0.2172211350293542,0.0,0.6798866855524079,0.995850622406639,1.5211662987790229,0.2700587084148728,0.6908023483365949,0.03913894324853229,Qwen/Qwen2.5-7B-Instruct,math,hard_cluster_main_r2,29
math:hard_cluster_main_r2,POOLED_RULE_BEST,511,0.7827788649706457,0.7827788649706457,0.7299412915851272,0.2172211350293542,0.0,0.646112600536193,1.0,1.496438733734912,0.2700587084148728,0.7299412915851272,0.0,Qwen/Qwen2.5-7B-Instruct,math,hard_cluster_main_r2,29
math:hard_cluster_main_r2,POOLED_LEARNED_GATE,511,0.7788649706457925,0.7788649706457925,0.7299412915851272,0.22113502935420742,0.0,0.775,0.9004149377593361,1.6072923398718835,0.2700587084148728,0.547945205479452,0.18199608610567514,Qwen/Qwen2.5-7B-Instruct,math,hard_cluster_main_r2,29
math:hard_cluster_main_r2,MATH_DOMAIN_LEARNED_GATE,511,0.7788649706457925,0.7788649706457925,0.7299412915851272,0.22113502935420742,0.0,0.775,0.9004149377593361,1.6072923398718835,0.2700587084148728,0.547945205479452,0.18199608610567514,Qwen/Qwen2.5-7B-Instruct,math,hard_cluster_main_r2,29
math:hard_cluster_main_r2,FORMAT_DOMAIN_LEARNED_GATE,511,0.7455968688845401,0.7455968688845401,1.0,0.487279843444227,0.0,0.47162426614481406,1.0,1.5665071756759414,0.0,1.0,0.0,Qwen/Qwen2.5-7B-Instruct,math,hard_cluster_main_r2,29
math:hard_cluster_main_r2,ORACLE_POLICY,511,0.8395303326810176,0.8395303326810176,0.7299412915851272,0.16046966731898238,0.0,0.9198473282442748,1.0,1.6281357567981543,0.2700587084148728,0.512720156555773,0.2172211350293542,Qwen/Qwen2.5-7B-Instruct,math,hard_cluster_main_r2,29
math:hard_generic_main_r2,NO_INTERVENTION,161,0.32298136645962733,0.32298136645962733,0.0,0.0,0.5217391304347826,0.0,0.0,1.3994771513931732,1.0,0.0,0.0,Qwen/Qwen2.5-7B-Instruct,math,hard_generic_main_r2,29
math:hard_generic_main_r2,ALWAYS_LOCAL,161,0.7888198757763976,0.7888198757763976,1.0,0.5279503105590062,0.0,0.45962732919254656,1.0,1.4957082122101546,0.0,1.0,0.0,Qwen/Qwen2.5-7B-Instruct,math,hard_generic_main_r2,29
math:hard_generic_main_r2,ALWAYS_REWRITE_OR_RESTART,161,0.43478260869565216,0.43478260869565216,1.0,0.7888198757763976,0.0,0.0,0.0,2.203494655046473,0.0,0.0,1.0,Qwen/Qwen2.5-7B-Instruct,math,hard_generic_main_r2,29
math:hard_generic_main_r2,MATH_TUNED_SIMPLE_RULE,161,0.8012422360248447,0.8012422360248447,0.6770186335403726,0.19875776397515527,0.0,0.7047619047619048,1.0,1.4700392453052011,0.32298136645962733,0.6521739130434783,0.024844720496894408,Qwen/Qwen2.5-7B-Instruct,math,hard_generic_main_r2,29
math:hard_generic_main_r2,FORMAT_TUNED_SIMPLE_RULE,161,0.7950310559006211,0.7950310559006211,0.6770186335403726,0.20496894409937888,0.0,0.6788990825688074,1.0,1.4482562615339476,0.32298136645962733,0.6770186335403726,0.0,Qwen/Qwen2.5-7B-Instruct,math,hard_generic_main_r2,29
math:hard_generic_main_r2,POOLED_SIMPLE_2FEATURE,161,0.7950310559006211,0.7950310559006211,0.6770186335403726,0.20496894409937888,0.0,0.6788990825688074,1.0,1.4482562615339476,0.32298136645962733,0.6770186335403726,0.0,Qwen/Qwen2.5-7B-Instruct,math,hard_generic_main_r2,29
math:hard_generic_main_r2,POOLED_SIMPLE_3FEATURE,161,0.7950310559006211,0.7950310559006211,0.6770186335403726,0.20496894409937888,0.0,0.6788990825688074,1.0,1.4482562615339476,0.32298136645962733,0.6770186335403726,0.0,Qwen/Qwen2.5-7B-Instruct,math,hard_generic_main_r2,29
math:hard_generic_main_r2,POOLED_SIMPLE_THRESHOLDED_TREE,161,0.8012422360248447,0.8012422360248447,0.6770186335403726,0.19875776397515527,0.0,0.7047619047619048,1.0,1.4700392453052011,0.32298136645962733,0.6521739130434783,0.024844720496894408,Qwen/Qwen2.5-7B-Instruct,math,hard_generic_main_r2,29
math:hard_generic_main_r2,POOLED_RULE_BEST,161,0.7950310559006211,0.7950310559006211,0.6770186335403726,0.20496894409937888,0.0,0.6788990825688074,1.0,1.4482562615339476,0.32298136645962733,0.6770186335403726,0.0,Qwen/Qwen2.5-7B-Instruct,math,hard_generic_main_r2,29
math:hard_generic_main_r2,POOLED_LEARNED_GATE,161,0.7888198757763976,0.7888198757763976,0.6583850931677019,0.19254658385093168,0.006211180124223602,0.7263157894736842,0.9324324324324325,1.490655244284697,0.3416149068322981,0.5900621118012422,0.06832298136645963,Qwen/Qwen2.5-7B-Instruct,math,hard_generic_main_r2,29
math:hard_generic_main_r2,MATH_DOMAIN_LEARNED_GATE,161,0.7950310559006211,0.7950310559006211,0.6583850931677019,0.18633540372670807,0.006211180124223602,0.7582417582417582,0.9324324324324325,1.5093095911556844,0.3416149068322981,0.5652173913043478,0.09316770186335403,Qwen/Qwen2.5-7B-Instruct,math,hard_generic_main_r2,29
math:hard_generic_main_r2,FORMAT_DOMAIN_LEARNED_GATE,161,0.7888198757763976,0.7888198757763976,1.0,0.5279503105590062,0.0,0.45962732919254656,1.0,1.4957082122101546,0.0,1.0,0.0,Qwen/Qwen2.5-7B-Instruct,math,hard_generic_main_r2,29
math:hard_generic_main_r2,ORACLE_POLICY,161,0.84472049689441,0.84472049689441,0.6770186335403726,0.15527950310559005,0.0,0.9736842105263158,1.0,1.6311161574034125,0.32298136645962733,0.4720496894409938,0.20496894409937888,Qwen/Qwen2.5-7B-Instruct,math,hard_generic_main_r2,29
overall,NO_INTERVENTION,956,0.32112970711297073,0.32112970711297073,0.0,0.0,0.45502092050209203,0.0,0.0,1.8631726107326294,1.0,0.0,0.0,Qwen/Qwen2.5-7B-Instruct,pooled,overall,47
overall,ALWAYS_LOCAL,956,0.6820083682008368,0.6820083682008368,1.0,0.5920502092050209,0.0,0.3776150627615063,1.0,2.1564770418016637,0.0,1.0,0.0,Qwen/Qwen2.5-7B-Instruct,pooled,overall,47
overall,ALWAYS_REWRITE_OR_RESTART,956,0.502092050209205,0.502092050209205,1.0,0.7552301255230126,0.0,0.0,0.0,2.3911542116526014,0.0,0.0,1.0,Qwen/Qwen2.5-7B-Instruct,pooled,overall,47
overall,MATH_TUNED_SIMPLE_RULE,956,0.7165271966527197,0.7165271966527197,0.6788702928870293,0.2834728033472803,0.0,0.5982758620689655,0.961218836565097,1.9997938158088968,0.32112970711297073,0.606694560669456,0.07217573221757322,Qwen/Qwen2.5-7B-Instruct,pooled,overall,47
overall,FORMAT_TUNED_SIMPLE_RULE,956,0.7290794979079498,0.7290794979079498,0.6788702928870293,0.2709205020920502,0.0,0.5562403697996918,1.0,2.0046830650002043,0.32112970711297073,0.6788702928870293,0.0,Qwen/Qwen2.5-7B-Instruct,pooled,overall,47
overall,POOLED_SIMPLE_2FEATURE,956,0.7290794979079498,0.7290794979079498,0.6788702928870293,0.2709205020920502,0.0,0.5562403697996918,1.0,2.0046830650002043,0.32112970711297073,0.6788702928870293,0.0,Qwen/Qwen2.5-7B-Instruct,pooled,overall,47
overall,POOLED_SIMPLE_3FEATURE,956,0.7290794979079498,0.7290794979079498,0.6788702928870293,0.2709205020920502,0.0,0.5570987654320988,1.0,1.9996244030270072,0.32112970711297073,0.6778242677824268,0.0010460251046025104,Qwen/Qwen2.5-7B-Instruct,pooled,overall,47
overall,POOLED_SIMPLE_THRESHOLDED_TREE,956,0.7165271966527197,0.7165271966527197,0.6788702928870293,0.2834728033472803,0.0,0.5982758620689655,0.961218836565097,1.9997938158088968,0.32112970711297073,0.606694560669456,0.07217573221757322,Qwen/Qwen2.5-7B-Instruct,pooled,overall,47
overall,POOLED_RULE_BEST,956,0.7290794979079498,0.7290794979079498,0.6788702928870293,0.2709205020920502,0.0,0.5562403697996918,1.0,2.0046830650002043,0.32112970711297073,0.6788702928870293,0.0,Qwen/Qwen2.5-7B-Instruct,pooled,overall,47
overall,POOLED_LEARNED_GATE,956,0.7092050209205021,0.7092050209205021,0.6788702928870293,0.2907949790794979,0.0,0.7030878859857482,0.8199445983379502,2.078628998154299,0.32112970711297073,0.44037656903765693,0.2384937238493724,Qwen/Qwen2.5-7B-Instruct,pooled,overall,47
overall,MATH_DOMAIN_LEARNED_GATE,956,0.7071129707112971,0.7071129707112971,0.6746861924686193,0.28870292887029286,0.0010460251046025104,0.7091346153846154,0.817174515235457,2.0575471399619856,0.3253138075313807,0.4351464435146444,0.2395397489539749,Qwen/Qwen2.5-7B-Instruct,pooled,overall,47
overall,FORMAT_DOMAIN_LEARNED_GATE,956,0.6903765690376569,0.6903765690376569,0.8817991631799164,0.4884937238493724,0.0,0.4379001280409731,0.9473684210526315,1.9999252352795358,0.11820083682008369,0.8169456066945606,0.06485355648535565,Qwen/Qwen2.5-7B-Instruct,pooled,overall,47
overall,ORACLE_POLICY,956,0.7761506276150628,0.7761506276150628,0.6788702928870293,0.22384937238493724,0.0,0.9256410256410257,1.0,2.0330873621729,0.32112970711297073,0.40794979079497906,0.2709205020920502,Qwen/Qwen2.5-7B-Instruct,pooled,overall,47
format:overall,NO_INTERVENTION,228,0.4956140350877193,0.4956140350877193,0.0,0.0,0.19736842105263158,0.0,0.0,3.2507405201026254,1.0,0.0,0.0,Qwen/Qwen2.5-7B-Instruct,format,overall,47
format:overall,ALWAYS_LOCAL,228,0.5789473684210527,0.5789473684210527,1.0,0.8201754385964912,0.0,0.16666666666666666,1.0,4.059022971373786,0.0,1.0,0.0,Qwen/Qwen2.5-7B-Instruct,format,overall,47
format:overall,ALWAYS_REWRITE_OR_RESTART,228,0.543859649122807,0.543859649122807,1.0,0.9517543859649122,0.0,0.0,0.0,3.2589125422528014,0.0,0.0,1.0,Qwen/Qwen2.5-7B-Instruct,format,overall,47
format:overall,MATH_TUNED_SIMPLE_RULE,228,0.618421052631579,0.618421052631579,0.5043859649122807,0.3815789473684211,0.0,0.3157894736842105,0.631578947368421,3.5005011019407233,0.4956140350877193,0.3333333333333333,0.17105263157894737,Qwen/Qwen2.5-7B-Instruct,format,overall,47
format:overall,FORMAT_TUNED_SIMPLE_RULE,228,0.6754385964912281,0.6754385964912281,0.5043859649122807,0.32456140350877194,0.0,0.33043478260869563,1.0,3.6102032843188856,0.4956140350877193,0.5043859649122807,0.0,Qwen/Qwen2.5-7B-Instruct,format,overall,47
format:overall,POOLED_SIMPLE_2FEATURE,228,0.6754385964912281,0.6754385964912281,0.5043859649122807,0.32456140350877194,0.0,0.33043478260869563,1.0,3.6102032843188856,0.4956140350877193,0.5043859649122807,0.0,Qwen/Qwen2.5-7B-Instruct,format,overall,47
format:overall,POOLED_SIMPLE_3FEATURE,228,0.6754385964912281,0.6754385964912281,0.5043859649122807,0.32456140350877194,0.0,0.3333333333333333,1.0,3.588992403413725,0.4956140350877193,0.5,0.0043859649122807015,Qwen/Qwen2.5-7B-Instruct,format,overall,47
format:overall,POOLED_SIMPLE_THRESHOLDED_TREE,228,0.618421052631579,0.618421052631579,0.5043859649122807,0.3815789473684211,0.0,0.3157894736842105,0.631578947368421,3.5005011019407233,0.4956140350877193,0.3333333333333333,0.17105263157894737,Qwen/Qwen2.5-7B-Instruct,format,overall,47
format:overall,POOLED_RULE_BEST,228,0.6754385964912281,0.6754385964912281,0.5043859649122807,0.32456140350877194,0.0,0.33043478260869563,1.0,3.6102032843188856,0.4956140350877193,0.5043859649122807,0.0,Qwen/Qwen2.5-7B-Instruct,format,overall,47
format:overall,POOLED_LEARNED_GATE,228,0.5526315789473685,0.5526315789473685,0.5043859649122807,0.4473684210526316,0.0,0.17647058823529413,0.15789473684210525,3.4893197977972594,0.4956140350877193,0.14912280701754385,0.35526315789473684,Qwen/Qwen2.5-7B-Instruct,format,overall,47
format:overall,MATH_DOMAIN_LEARNED_GATE,228,0.5482456140350878,0.5482456140350878,0.5043859649122807,0.4517543859649123,0.0,0.1724137931034483,0.13157894736842105,3.4049722819482877,0.4956140350877193,0.12719298245614036,0.37719298245614036,Qwen/Qwen2.5-7B-Instruct,format,overall,47
format:overall,FORMAT_DOMAIN_LEARNED_GATE,228,0.6140350877192983,0.6140350877192983,0.5043859649122807,0.38596491228070173,0.0,0.3584905660377358,0.5,3.4026039931494254,0.4956140350877193,0.2324561403508772,0.2719298245614035,Qwen/Qwen2.5-7B-Instruct,format,overall,47
format:overall,ORACLE_POLICY,228,0.6929824561403509,0.6929824561403509,0.5043859649122807,0.30701754385964913,0.0,0.926829268292683,1.0,3.226320984750872,0.4956140350877193,0.17982456140350878,0.32456140350877194,Qwen/Qwen2.5-7B-Instruct,format,overall,47
format:ifbench,NO_INTERVENTION,101,0.32673267326732675,0.32673267326732675,0.0,0.0,0.1782178217821782,0.0,0.0,3.1466554042578925,1.0,0.0,0.0,Qwen/Qwen2.5-7B-Instruct,format,ifbench,47
format:ifbench,ALWAYS_LOCAL,101,0.37623762376237624,0.37623762376237624,1.0,0.8316831683168316,0.0,0.15841584158415842,1.0,3.9330452561544456,0.0,1.0,0.0,Qwen/Qwen2.5-7B-Instruct,format,ifbench,47
format:ifbench,ALWAYS_REWRITE_OR_RESTART,101,0.3465346534653465,0.3465346534653465,1.0,0.9801980198019802,0.0,0.0,0.0,3.1572144620102085,0.0,0.0,1.0,Qwen/Qwen2.5-7B-Instruct,format,ifbench,47
format:ifbench,MATH_TUNED_SIMPLE_RULE,101,0.42574257425742573,0.42574257425742573,0.6732673267326733,0.5742574257425742,0.0,0.23076923076923078,0.5625,3.330059598951536,0.32673267326732675,0.38613861386138615,0.2871287128712871,Qwen/Qwen2.5-7B-Instruct,format,ifbench,47
format:ifbench,FORMAT_TUNED_SIMPLE_RULE,101,0.49504950495049505,0.49504950495049505,0.6732673267326733,0.504950495049505,0.0,0.23529411764705882,1.0,3.5715606842088596,0.32673267326732675,0.6732673267326733,0.0,Qwen/Qwen2.5-7B-Instruct,format,ifbench,47
format:ifbench,POOLED_SIMPLE_2FEATURE,101,0.49504950495049505,0.49504950495049505,0.6732673267326733,0.504950495049505,0.0,0.23529411764705882,1.0,3.5715606842088596,0.32673267326732675,0.6732673267326733,0.0,Qwen/Qwen2.5-7B-Instruct,format,ifbench,47
format:ifbench,POOLED_SIMPLE_3FEATURE,101,0.49504950495049505,0.49504950495049505,0.6732673267326733,0.504950495049505,0.0,0.23529411764705882,1.0,3.5715606842088596,0.32673267326732675,0.6732673267326733,0.0,Qwen/Qwen2.5-7B-Instruct,format,ifbench,47
format:ifbench,POOLED_SIMPLE_THRESHOLDED_TREE,101,0.42574257425742573,0.42574257425742573,0.6732673267326733,0.5742574257425742,0.0,0.23076923076923078,0.5625,3.330059598951536,0.32673267326732675,0.38613861386138615,0.2871287128712871,Qwen/Qwen2.5-7B-Instruct,format,ifbench,47
format:ifbench,POOLED_RULE_BEST,101,0.49504950495049505,0.49504950495049505,0.6732673267326733,0.504950495049505,0.0,0.23529411764705882,1.0,3.5715606842088596,0.32673267326732675,0.6732673267326733,0.0,Qwen/Qwen2.5-7B-Instruct,format,ifbench,47
format:ifbench,POOLED_LEARNED_GATE,101,0.33663366336633666,0.33663366336633666,0.6732673267326733,0.6633663366336634,0.0,0.0,0.0,3.263936450031798,0.32673267326732675,0.12871287128712872,0.5445544554455446,Qwen/Qwen2.5-7B-Instruct,format,ifbench,47
format:ifbench,MATH_DOMAIN_LEARNED_GATE,101,0.33663366336633666,0.33663366336633666,0.6732673267326733,0.6633663366336634,0.0,0.0,0.0,3.263936450031798,0.32673267326732675,0.12871287128712872,0.5445544554455446,Qwen/Qwen2.5-7B-Instruct,format,ifbench,47
format:ifbench,FORMAT_DOMAIN_LEARNED_GATE,101,0.43564356435643564,0.43564356435643564,0.6732673267326733,0.5643564356435643,0.0,0.2903225806451613,0.5625,3.2841791851851756,0.32673267326732675,0.3069306930693069,0.36633663366336633,Qwen/Qwen2.5-7B-Instruct,format,ifbench,47
format:ifbench,ORACLE_POLICY,101,0.504950495049505,0.504950495049505,0.6732673267326733,0.49504950495049505,0.0,0.9411764705882353,1.0,3.1970129827507727,0.32673267326732675,0.16831683168316833,0.504950495049505,Qwen/Qwen2.5-7B-Instruct,format,ifbench,47
format:ifeval_screened,NO_INTERVENTION,127,0.6299212598425197,0.6299212598425197,0.0,0.0,0.2125984251968504,0.0,0.0,3.3335168720736337,1.0,0.0,0.0,Qwen/Qwen2.5-7B-Instruct,format,ifeval_screened,47
format:ifeval_screened,ALWAYS_LOCAL,127,0.7401574803149606,0.7401574803149606,1.0,0.8110236220472441,0.0,0.1732283464566929,1.0,4.159209973241136,0.0,1.0,0.0,Qwen/Qwen2.5-7B-Instruct,format,ifeval_screened,47
format:ifeval_screened,ALWAYS_REWRITE_OR_RESTART,127,0.7007874015748031,0.7007874015748031,1.0,0.9291338582677166,0.0,0.0,0.0,3.339790543075651,0.0,0.0,1.0,Qwen/Qwen2.5-7B-Instruct,format,ifeval_screened,47
format:ifeval_screened,MATH_TUNED_SIMPLE_RULE,127,0.7716535433070866,0.7716535433070866,0.3700787401574803,0.2283464566929134,0.0,0.40540540540540543,0.6818181818181818,3.63604906888488,0.6299212598425197,0.29133858267716534,0.07874015748031496,Qwen/Qwen2.5-7B-Instruct,format,ifeval_screened,47
format:ifeval_screened,FORMAT_TUNED_SIMPLE_RULE,127,0.8188976377952756,0.8188976377952756,0.3700787401574803,0.18110236220472442,0.0,0.46808510638297873,1.0,3.6409348009418196,0.6299212598425197,0.3700787401574803,0.0,Qwen/Qwen2.5-7B-Instruct,format,ifeval_screened,47
format:ifeval_screened,POOLED_SIMPLE_2FEATURE,127,0.8188976377952756,0.8188976377952756,0.3700787401574803,0.18110236220472442,0.0,0.46808510638297873,1.0,3.6409348009418196,0.6299212598425197,0.3700787401574803,0.0,Qwen/Qwen2.5-7B-Instruct,format,ifeval_screened,47
format:ifeval_screened,POOLED_SIMPLE_3FEATURE,127,0.8188976377952756,0.8188976377952756,0.3700787401574803,0.18110236220472442,0.0,0.4782608695652174,1.0,3.602855424198696,0.6299212598425197,0.36220472440944884,0.007874015748031496,Qwen/Qwen2.5-7B-Instruct,format,ifeval_screened,47
format:ifeval_screened,POOLED_SIMPLE_THRESHOLDED_TREE,127,0.7716535433070866,0.7716535433070866,0.3700787401574803,0.2283464566929134,0.0,0.40540540540540543,0.6818181818181818,3.63604906888488,0.6299212598425197,0.29133858267716534,0.07874015748031496,Qwen/Qwen2.5-7B-Instruct,format,ifeval_screened,47
format:ifeval_screened,POOLED_RULE_BEST,127,0.8188976377952756,0.8188976377952756,0.3700787401574803,0.18110236220472442,0.0,0.46808510638297873,1.0,3.6409348009418196,0.6299212598425197,0.3700787401574803,0.0,Qwen/Qwen2.5-7B-Instruct,format,ifeval_screened,47
format:ifeval_screened,POOLED_LEARNED_GATE,127,0.7244094488188977,0.7244094488188977,0.3700787401574803,0.2755905511811024,0.0,0.2857142857142857,0.2727272727272727,3.6685616727918386,0.6299212598425197,0.16535433070866143,0.2047244094488189,Qwen/Qwen2.5-7B-Instruct,format,ifeval_screened,47
format:ifeval_screened,MATH_DOMAIN_LEARNED_GATE,127,0.7165354330708661,0.7165354330708661,0.3700787401574803,0.28346456692913385,0.0,0.3125,0.22727272727272727,3.517134636464551,0.6299212598425197,0.12598425196850394,0.2440944881889764,Qwen/Qwen2.5-7B-Instruct,format,ifeval_screened,47
format:ifeval_screened,FORMAT_DOMAIN_LEARNED_GATE,127,0.7559055118110236,0.7559055118110236,0.3700787401574803,0.2440944881889764,0.0,0.45454545454545453,0.45454545454545453,3.496784352239104,0.6299212598425197,0.1732283464566929,0.1968503937007874,Qwen/Qwen2.5-7B-Instruct,format,ifeval_screened,47
format:ifeval_screened,ORACLE_POLICY,127,0.84251968503937,0.84251968503937,0.3700787401574803,0.15748031496062992,0.0,0.9166666666666666,1.0,3.2496289233493756,0.6299212598425197,0.1889763779527559,0.18110236220472442,Qwen/Qwen2.5-7B-Instruct,format,ifeval_screened,47
math:overall,NO_INTERVENTION,728,0.2664835164835165,0.2664835164835165,0.0,0.0,0.5357142857142857,0.0,0.0,1.4286046391167515,1.0,0.0,0.0,Qwen/Qwen2.5-7B-Instruct,math,overall,47
math:overall,ALWAYS_LOCAL,728,0.7142857142857143,0.7142857142857143,1.0,0.5206043956043956,0.0,0.44368131868131866,1.0,1.5606247451774276,0.0,1.0,0.0,Qwen/Qwen2.5-7B-Instruct,math,overall,47
math:overall,ALWAYS_REWRITE_OR_RESTART,728,0.489010989010989,0.489010989010989,1.0,0.6936813186813187,0.0,0.0,0.0,2.119383745475616,0.0,0.0,1.0,Qwen/Qwen2.5-7B-Instruct,math,overall,47
math:overall,MATH_TUNED_SIMPLE_RULE,728,0.7472527472527473,0.7472527472527473,0.7335164835164835,0.25274725274725274,0.0,0.6408730158730159,1.0,1.529792083339039,0.2664835164835165,0.6923076923076923,0.04120879120879121,Qwen/Qwen2.5-7B-Instruct,math,overall,47
math:overall,FORMAT_TUNED_SIMPLE_RULE,728,0.7458791208791209,0.7458791208791209,0.7335164835164835,0.2541208791208791,0.0,0.6048689138576779,1.0,1.5018553040047933,0.2664835164835165,0.7335164835164835,0.0,Qwen/Qwen2.5-7B-Instruct,math,overall,47
math:overall,POOLED_SIMPLE_2FEATURE,728,0.7458791208791209,0.7458791208791209,0.7335164835164835,0.2541208791208791,0.0,0.6048689138576779,1.0,1.5018553040047933,0.2664835164835165,0.7335164835164835,0.0,Qwen/Qwen2.5-7B-Instruct,math,overall,47
math:overall,POOLED_SIMPLE_3FEATURE,728,0.7458791208791209,0.7458791208791209,0.7335164835164835,0.2541208791208791,0.0,0.6048689138576779,1.0,1.5018553040047933,0.2664835164835165,0.7335164835164835,0.0,Qwen/Qwen2.5-7B-Instruct,math,overall,47
math:overall,POOLED_SIMPLE_THRESHOLDED_TREE,728,0.7472527472527473,0.7472527472527473,0.7335164835164835,0.25274725274725274,0.0,0.6408730158730159,1.0,1.529792083339039,0.2664835164835165,0.6923076923076923,0.04120879120879121,Qwen/Qwen2.5-7B-Instruct,math,overall,47
math:overall,POOLED_RULE_BEST,728,0.7458791208791209,0.7458791208791209,0.7335164835164835,0.2541208791208791,0.0,0.6048689138576779,1.0,1.5018553040047933,0.2664835164835165,0.7335164835164835,0.0,Qwen/Qwen2.5-7B-Instruct,math,overall,47
math:overall,POOLED_LEARNED_GATE,728,0.7582417582417582,0.7582417582417582,0.7335164835164835,0.24175824175824176,0.0,0.7493540051679587,0.8978328173374613,1.636819242222163,0.2664835164835165,0.5315934065934066,0.20192307692307693,Qwen/Qwen2.5-7B-Instruct,math,overall,47
math:overall,MATH_DOMAIN_LEARNED_GATE,728,0.7568681318681318,0.7568681318681318,0.728021978021978,0.23763736263736263,0.0013736263736263737,0.7493540051679587,0.8978328173374613,1.6355513537355064,0.27197802197802196,0.5315934065934066,0.19642857142857142,Qwen/Qwen2.5-7B-Instruct,math,overall,47
math:overall,FORMAT_DOMAIN_LEARNED_GATE,728,0.7142857142857143,0.7142857142857143,1.0,0.5206043956043956,0.0,0.44368131868131866,1.0,1.5606247451774276,0.0,1.0,0.0,Qwen/Qwen2.5-7B-Instruct,math,overall,47
math:overall,ORACLE_POLICY,728,0.8021978021978022,0.8021978021978022,0.7335164835164835,0.1978021978021978,0.0,0.9255014326647565,1.0,1.659382326530349,0.2664835164835165,0.4793956043956044,0.2541208791208791,Qwen/Qwen2.5-7B-Instruct,math,overall,47
math:hard_cluster_main_r2,NO_INTERVENTION,562,0.2491103202846975,0.2491103202846975,0.0,0.0,0.5498220640569395,0.0,0.0,1.4375741742352468,1.0,0.0,0.0,Qwen/Qwen2.5-7B-Instruct,math,hard_cluster_main_r2,47
math:hard_cluster_main_r2,ALWAYS_LOCAL,562,0.7046263345195729,0.7046263345195729,1.0,0.5124555160142349,0.0,0.4501779359430605,1.0,1.5711189338678886,0.0,1.0,0.0,Qwen/Qwen2.5-7B-Instruct,math,hard_cluster_main_r2,47
math:hard_cluster_main_r2,ALWAYS_REWRITE_OR_RESTART,562,0.49110320284697506,0.49110320284697506,1.0,0.6832740213523132,0.0,0.0,0.0,2.1159724811252762,0.0,0.0,1.0,Qwen/Qwen2.5-7B-Instruct,math,hard_cluster_main_r2,47
math:hard_cluster_main_r2,MATH_TUNED_SIMPLE_RULE,562,0.7384341637010676,0.7384341637010676,0.7508896797153025,0.2615658362989324,0.0,0.6454081632653061,1.0,1.549674826680792,0.2491103202846975,0.697508896797153,0.05338078291814947,Qwen/Qwen2.5-7B-Instruct,math,hard_cluster_main_r2,47
math:hard_cluster_main_r2,FORMAT_TUNED_SIMPLE_RULE,562,0.7366548042704626,0.7366548042704626,0.7508896797153025,0.26334519572953735,0.0,0.5995260663507109,1.0,1.5134862584328723,0.2491103202846975,0.7508896797153025,0.0,Qwen/Qwen2.5-7B-Instruct,math,hard_cluster_main_r2,47
math:hard_cluster_main_r2,POOLED_SIMPLE_2FEATURE,562,0.7366548042704626,0.7366548042704626,0.7508896797153025,0.26334519572953735,0.0,0.5995260663507109,1.0,1.5134862584328723,0.2491103202846975,0.7508896797153025,0.0,Qwen/Qwen2.5-7B-Instruct,math,hard_cluster_main_r2,47
math:hard_cluster_main_r2,POOLED_SIMPLE_3FEATURE,562,0.7366548042704626,0.7366548042704626,0.7508896797153025,0.26334519572953735,0.0,0.5995260663507109,1.0,1.5134862584328723,0.2491103202846975,0.7508896797153025,0.0,Qwen/Qwen2.5-7B-Instruct,math,hard_cluster_main_r2,47
math:hard_cluster_main_r2,POOLED_SIMPLE_THRESHOLDED_TREE,562,0.7384341637010676,0.7384341637010676,0.7508896797153025,0.2615658362989324,0.0,0.6454081632653061,1.0,1.549674826680792,0.2491103202846975,0.697508896797153,0.05338078291814947,Qwen/Qwen2.5-7B-Instruct,math,hard_cluster_main_r2,47
math:hard_cluster_main_r2,POOLED_RULE_BEST,562,0.7366548042704626,0.7366548042704626,0.7508896797153025,0.26334519572953735,0.0,0.5995260663507109,1.0,1.5134862584328723,0.2491103202846975,0.7508896797153025,0.0,Qwen/Qwen2.5-7B-Instruct,math,hard_cluster_main_r2,47
math:hard_cluster_main_r2,POOLED_LEARNED_GATE,562,0.7526690391459074,0.7526690391459074,0.7508896797153025,0.24733096085409254,0.0,0.7724137931034483,0.8853754940711462,1.6733639744140234,0.2491103202846975,0.5160142348754448,0.23487544483985764,Qwen/Qwen2.5-7B-Instruct,math,hard_cluster_main_r2,47
math:hard_cluster_main_r2,MATH_DOMAIN_LEARNED_GATE,562,0.7508896797153025,0.7508896797153025,0.7437722419928826,0.24199288256227758,0.0017793594306049821,0.7724137931034483,0.8853754940711462,1.6717215850576428,0.25622775800711745,0.5160142348754448,0.2277580071174377,Qwen/Qwen2.5-7B-Instruct,math,hard_cluster_main_r2,47
math:hard_cluster_main_r2,FORMAT_DOMAIN_LEARNED_GATE,562,0.7046263345195729,0.7046263345195729,1.0,0.5124555160142349,0.0,0.4501779359430605,1.0,1.5711189338678886,0.0,1.0,0.0,Qwen/Qwen2.5-7B-Instruct,math,hard_cluster_main_r2,47
math:hard_cluster_main_r2,ORACLE_POLICY,562,0.798932384341637,0.798932384341637,0.7508896797153025,0.20106761565836298,0.0,0.9233576642335767,1.0,1.6749092427155274,0.2491103202846975,0.4875444839857651,0.26334519572953735,Qwen/Qwen2.5-7B-Instruct,math,hard_cluster_main_r2,47
math:hard_generic_main_r2,NO_INTERVENTION,166,0.3253012048192771,0.3253012048192771,0.0,0.0,0.4879518072289157,0.0,0.0,1.3982378997396767,1.0,0.0,0.0,Qwen/Qwen2.5-7B-Instruct,math,hard_generic_main_r2,47
math:hard_generic_main_r2,ALWAYS_LOCAL,166,0.7469879518072289,0.7469879518072289,1.0,0.5481927710843374,0.0,0.42168674698795183,1.0,1.5250962268398425,0.0,1.0,0.0,Qwen/Qwen2.5-7B-Instruct,math,hard_generic_main_r2,47
math:hard_generic_main_r2,ALWAYS_REWRITE_OR_RESTART,166,0.4819277108433735,0.4819277108433735,1.0,0.7289156626506024,0.0,0.0,0.0,2.130932724782187,0.0,0.0,1.0,Qwen/Qwen2.5-7B-Instruct,math,hard_generic_main_r2,47
math:hard_generic_main_r2,MATH_TUNED_SIMPLE_RULE,166,0.7771084337349398,0.7771084337349398,0.6746987951807228,0.22289156626506024,0.0,0.625,1.0,1.4624782173265984,0.3253012048192771,0.6746987951807228,0.0,Qwen/Qwen2.5-7B-Instruct,math,hard_generic_main_r2,47
math:hard_generic_main_r2,FORMAT_TUNED_SIMPLE_RULE,166,0.7771084337349398,0.7771084337349398,0.6746987951807228,0.22289156626506024,0.0,0.625,1.0,1.4624782173265984,0.3253012048192771,0.6746987951807228,0.0,Qwen/Qwen2.5-7B-Instruct,math,hard_generic_main_r2,47
math:hard_generic_main_r2,POOLED_SIMPLE_2FEATURE,166,0.7771084337349398,0.7771084337349398,0.6746987951807228,0.22289156626506024,0.0,0.625,1.0,1.4624782173265984,0.3253012048192771,0.6746987951807228,0.0,Qwen/Qwen2.5-7B-Instruct,math,hard_generic_main_r2,47
math:hard_generic_main_r2,POOLED_SIMPLE_3FEATURE,166,0.7771084337349398,0.7771084337349398,0.6746987951807228,0.22289156626506024,0.0,0.625,1.0,1.4624782173265984,0.3253012048192771,0.6746987951807228,0.0,Qwen/Qwen2.5-7B-Instruct,math,hard_generic_main_r2,47
math:hard_generic_main_r2,POOLED_SIMPLE_THRESHOLDED_TREE,166,0.7771084337349398,0.7771084337349398,0.6746987951807228,0.22289156626506024,0.0,0.625,1.0,1.4624782173265984,0.3253012048192771,0.6746987951807228,0.0,Qwen/Qwen2.5-7B-Instruct,math,hard_generic_main_r2,47
math:hard_generic_main_r2,POOLED_RULE_BEST,166,0.7771084337349398,0.7771084337349398,0.6746987951807228,0.22289156626506024,0.0,0.625,1.0,1.4624782173265984,0.3253012048192771,0.6746987951807228,0.0,Qwen/Qwen2.5-7B-Instruct,math,hard_generic_main_r2,47
math:hard_generic_main_r2,POOLED_LEARNED_GATE,166,0.7771084337349398,0.7771084337349398,0.6746987951807228,0.22289156626506024,0.0,0.6804123711340206,0.9428571428571428,1.5130955103436956,0.3253012048192771,0.5843373493975904,0.09036144578313253,Qwen/Qwen2.5-7B-Instruct,math,hard_generic_main_r2,47
math:hard_generic_main_r2,MATH_DOMAIN_LEARNED_GATE,166,0.7771084337349398,0.7771084337349398,0.6746987951807228,0.22289156626506024,0.0,0.6804123711340206,0.9428571428571428,1.5130955103436956,0.3253012048192771,0.5843373493975904,0.09036144578313253,Qwen/Qwen2.5-7B-Instruct,math,hard_generic_main_r2,47
math:hard_generic_main_r2,FORMAT_DOMAIN_LEARNED_GATE,166,0.7469879518072289,0.7469879518072289,1.0,0.5481927710843374,0.0,0.42168674698795183,1.0,1.5250962268398425,0.0,1.0,0.0,Qwen/Qwen2.5-7B-Instruct,math,hard_generic_main_r2,47
math:hard_generic_main_r2,ORACLE_POLICY,166,0.8132530120481928,0.8132530120481928,0.6746987951807228,0.18674698795180722,0.0,0.9333333333333333,1.0,1.6068152970359493,0.3253012048192771,0.45180722891566266,0.22289156626506024,Qwen/Qwen2.5-7B-Instruct,math,hard_generic_main_r2,47
