model_name,seed,scope,module,surface_name,base_policy,alt_policy,n,base_accuracy,alt_accuracy,delta,ci_low,ci_high,mcnemar_p
Qwen/Qwen2.5-7B-Instruct,13,overall,pooled,overall,ALWAYS_REWRITE_OR_RESTART,POOLED_RULE_BEST,966,0.4989648033126294,0.7308488612836439,0.23222981366459627,0.20186335403726707,0.26190476190476186,1.1330945914040506e-42
Qwen/Qwen2.5-7B-Instruct,13,overall,pooled,overall,ALWAYS_REWRITE_OR_RESTART,POOLED_LEARNED_GATE,966,0.4989648033126294,0.7008281573498965,0.20245755693581782,0.170807453416149,0.23188405797101452,5.832048315794272e-42
Qwen/Qwen2.5-7B-Instruct,13,overall,pooled,overall,ALWAYS_REWRITE_OR_RESTART,MATH_TUNED_SIMPLE_RULE,966,0.4989648033126294,0.7308488612836439,0.23232091097308488,0.20186335403726707,0.2619047619047619,2.5618727429598404e-42
Qwen/Qwen2.5-7B-Instruct,13,overall,pooled,overall,ALWAYS_REWRITE_OR_RESTART,FORMAT_TUNED_SIMPLE_RULE,966,0.4989648033126294,0.7391304347826086,0.24069979296066255,0.2091097308488613,0.27122153209109734,1.4721772894262395e-43
Qwen/Qwen2.5-7B-Instruct,13,overall,pooled,overall,POOLED_RULE_BEST,MATH_TUNED_SIMPLE_RULE,966,0.7308488612836439,0.7308488612836439,9.10973084886173e-05,-0.0031055900621117516,0.0031055900621118626,1.0
Qwen/Qwen2.5-7B-Instruct,13,overall,pooled,overall,POOLED_RULE_BEST,FORMAT_TUNED_SIMPLE_RULE,966,0.7308488612836439,0.7391304347826086,0.008469979296066256,0.0,0.0165631469979296,0.057373046875
Qwen/Qwen2.5-7B-Instruct,13,format:overall,format,overall,ALWAYS_REWRITE_OR_RESTART,POOLED_RULE_BEST,248,0.5282258064516129,0.6088709677419355,0.08042741935483871,0.04435483870967738,0.12096774193548387,3.5881996154785156e-05
Qwen/Qwen2.5-7B-Instruct,13,format:overall,format,overall,ALWAYS_REWRITE_OR_RESTART,POOLED_LEARNED_GATE,248,0.5282258064516129,0.5241935483870968,-0.00413709677419355,-0.024193548387096753,0.012096774193548487,1.0
Qwen/Qwen2.5-7B-Instruct,13,format:overall,format,overall,ALWAYS_REWRITE_OR_RESTART,MATH_TUNED_SIMPLE_RULE,248,0.5282258064516129,0.6088709677419355,0.0805725806451613,0.040322580645161366,0.12096774193548387,8.797645568847656e-05
Qwen/Qwen2.5-7B-Instruct,13,format:overall,format,overall,ALWAYS_REWRITE_OR_RESTART,FORMAT_TUNED_SIMPLE_RULE,248,0.5282258064516129,0.6451612903225806,0.11724193548387096,0.06854838709677424,0.16129032258064524,4.176981747150421e-07
Qwen/Qwen2.5-7B-Instruct,13,format:overall,format,overall,POOLED_RULE_BEST,MATH_TUNED_SIMPLE_RULE,248,0.6088709677419355,0.6088709677419355,0.00014516129032258096,-0.012096774193548376,0.012096774193548376,1.0
Qwen/Qwen2.5-7B-Instruct,13,format:overall,format,overall,POOLED_RULE_BEST,FORMAT_TUNED_SIMPLE_RULE,248,0.6088709677419355,0.6451612903225806,0.03681451612903224,0.012096774193548376,0.06451612903225801,0.01171875
Qwen/Qwen2.5-7B-Instruct,13,format:ifbench,format,ifbench,ALWAYS_REWRITE_OR_RESTART,POOLED_RULE_BEST,113,0.2743362831858407,0.39823008849557523,0.12361061946902654,0.06194690265486724,0.19469026548672563,0.000518798828125
Qwen/Qwen2.5-7B-Instruct,13,format:ifbench,format,ifbench,ALWAYS_REWRITE_OR_RESTART,POOLED_LEARNED_GATE,113,0.2743362831858407,0.26548672566371684,-0.00713274336283186,-0.035398230088495575,0.017699115044247815,1.0
Qwen/Qwen2.5-7B-Instruct,13,format:ifbench,format,ifbench,ALWAYS_REWRITE_OR_RESTART,MATH_TUNED_SIMPLE_RULE,113,0.2743362831858407,0.39823008849557523,0.1244424778761062,0.06194690265486724,0.1946902654867257,0.001312255859375
Qwen/Qwen2.5-7B-Instruct,13,format:ifbench,format,ifbench,ALWAYS_REWRITE_OR_RESTART,FORMAT_TUNED_SIMPLE_RULE,113,0.2743362831858407,0.45132743362831856,0.17847787610619467,0.10619469026548672,0.25663716814159293,3.5881996154785156e-05
Qwen/Qwen2.5-7B-Instruct,13,format:ifbench,format,ifbench,POOLED_RULE_BEST,MATH_TUNED_SIMPLE_RULE,113,0.39823008849557523,0.39823008849557523,0.0008318584070796469,-0.026548672566371667,0.026548672566371667,1.0
Qwen/Qwen2.5-7B-Instruct,13,format:ifbench,format,ifbench,POOLED_RULE_BEST,FORMAT_TUNED_SIMPLE_RULE,113,0.39823008849557523,0.45132743362831856,0.05486725663716814,0.008849557522123908,0.10619469026548672,0.0703125
Qwen/Qwen2.5-7B-Instruct,13,format:ifeval_screened,format,ifeval_screened,ALWAYS_REWRITE_OR_RESTART,POOLED_RULE_BEST,135,0.7407407407407407,0.7851851851851852,0.04410370370370371,0.007407407407407418,0.0888888888888889,0.0703125
Qwen/Qwen2.5-7B-Instruct,13,format:ifeval_screened,format,ifeval_screened,ALWAYS_REWRITE_OR_RESTART,POOLED_LEARNED_GATE,135,0.7407407407407407,0.7407407407407407,-0.0002518518518518516,-0.022222222222222254,0.022222222222222254,1.0
Qwen/Qwen2.5-7B-Instruct,13,format:ifeval_screened,format,ifeval_screened,ALWAYS_REWRITE_OR_RESTART,MATH_TUNED_SIMPLE_RULE,135,0.7407407407407407,0.7851851851851852,0.04410370370370371,0.007407407407407418,0.0888888888888889,0.0703125
Qwen/Qwen2.5-7B-Instruct,13,format:ifeval_screened,format,ifeval_screened,ALWAYS_REWRITE_OR_RESTART,FORMAT_TUNED_SIMPLE_RULE,135,0.7407407407407407,0.8074074074074075,0.06619259259259261,0.02962962962962956,0.11111111111111116,0.01171875
Qwen/Qwen2.5-7B-Instruct,13,format:ifeval_screened,format,ifeval_screened,POOLED_RULE_BEST,MATH_TUNED_SIMPLE_RULE,135,0.7851851851851852,0.7851851851851852,0.0,0.0,0.0,1.0
Qwen/Qwen2.5-7B-Instruct,13,format:ifeval_screened,format,ifeval_screened,POOLED_RULE_BEST,FORMAT_TUNED_SIMPLE_RULE,135,0.7851851851851852,0.8074074074074075,0.022088888888888887,0.0,0.051851851851851816,0.25
Qwen/Qwen2.5-7B-Instruct,13,math:overall,math,overall,ALWAYS_REWRITE_OR_RESTART,POOLED_RULE_BEST,718,0.48885793871866295,0.7729805013927576,0.2842284122562674,0.2437325905292479,0.3231197771587743,1.6163491839624724e-38
Qwen/Qwen2.5-7B-Instruct,13,math:overall,math,overall,ALWAYS_REWRITE_OR_RESTART,POOLED_LEARNED_GATE,718,0.48885793871866295,0.7618384401114207,0.2727883008356546,0.2339832869080779,0.3119777158774373,9.514281683673562e-44
Qwen/Qwen2.5-7B-Instruct,13,math:overall,math,overall,ALWAYS_REWRITE_OR_RESTART,MATH_TUNED_SIMPLE_RULE,718,0.48885793871866295,0.7729805013927576,0.2842284122562674,0.2437325905292479,0.3231197771587743,1.6163491839624724e-38
Qwen/Qwen2.5-7B-Instruct,13,math:overall,math,overall,ALWAYS_REWRITE_OR_RESTART,FORMAT_TUNED_SIMPLE_RULE,718,0.48885793871866295,0.7715877437325905,0.28255988857938724,0.23955431754874656,0.3217270194986072,1.3407584630732189e-37
Qwen/Qwen2.5-7B-Instruct,13,math:overall,math,overall,POOLED_RULE_BEST,MATH_TUNED_SIMPLE_RULE,718,0.7729805013927576,0.7729805013927576,0.0,0.0,0.0,1.0
Qwen/Qwen2.5-7B-Instruct,13,math:overall,math,overall,POOLED_RULE_BEST,FORMAT_TUNED_SIMPLE_RULE,718,0.7729805013927576,0.7715877437325905,-0.0016685236768802225,-0.0069637883008356605,0.002785515320334331,1.0
Qwen/Qwen2.5-7B-Instruct,13,math:hard_cluster_main_r2,math,hard_cluster_main_r2,ALWAYS_REWRITE_OR_RESTART,POOLED_RULE_BEST,550,0.4818181818181818,0.7672727272727272,0.2856581818181818,0.23636363636363644,0.33272727272727276,1.432938479589412e-29
Qwen/Qwen2.5-7B-Instruct,13,math:hard_cluster_main_r2,math,hard_cluster_main_r2,ALWAYS_REWRITE_OR_RESTART,POOLED_LEARNED_GATE,550,0.4818181818181818,0.7618181818181818,0.28016363636363634,0.23636363636363633,0.3254545454545455,8.127113244139915e-36
Qwen/Qwen2.5-7B-Instruct,13,math:hard_cluster_main_r2,math,hard_cluster_main_r2,ALWAYS_REWRITE_OR_RESTART,MATH_TUNED_SIMPLE_RULE,550,0.4818181818181818,0.7672727272727272,0.2856581818181818,0.23636363636363644,0.33272727272727276,1.432938479589412e-29
Qwen/Qwen2.5-7B-Instruct,13,math:hard_cluster_main_r2,math,hard_cluster_main_r2,ALWAYS_REWRITE_OR_RESTART,FORMAT_TUNED_SIMPLE_RULE,550,0.4818181818181818,0.7672727272727272,0.2855272727272727,0.23818181818181816,0.33090909090909093,3.071962098174769e-29
Qwen/Qwen2.5-7B-Instruct,13,math:hard_cluster_main_r2,math,hard_cluster_main_r2,POOLED_RULE_BEST,MATH_TUNED_SIMPLE_RULE,550,0.7672727272727272,0.7672727272727272,0.0,0.0,0.0,1.0
Qwen/Qwen2.5-7B-Instruct,13,math:hard_cluster_main_r2,math,hard_cluster_main_r2,POOLED_RULE_BEST,FORMAT_TUNED_SIMPLE_RULE,550,0.7672727272727272,0.7672727272727272,-0.00013090909090909087,-0.005454545454545379,0.0036363636363636598,1.0
Qwen/Qwen2.5-7B-Instruct,13,math:hard_generic_main_r2,math,hard_generic_main_r2,ALWAYS_REWRITE_OR_RESTART,POOLED_RULE_BEST,168,0.5119047619047619,0.7916666666666666,0.28079761904761896,0.1964285714285715,0.35714285714285715,4.32210722073334e-10
Qwen/Qwen2.5-7B-Instruct,13,math:hard_generic_main_r2,math,hard_generic_main_r2,ALWAYS_REWRITE_OR_RESTART,POOLED_LEARNED_GATE,168,0.5119047619047619,0.7619047619047619,0.25094047619047616,0.1785714285714286,0.3214285714285714,3.256530156647841e-09
Qwen/Qwen2.5-7B-Instruct,13,math:hard_generic_main_r2,math,hard_generic_main_r2,ALWAYS_REWRITE_OR_RESTART,MATH_TUNED_SIMPLE_RULE,168,0.5119047619047619,0.7916666666666666,0.28079761904761896,0.1964285714285715,0.35714285714285715,4.32210722073334e-10
Qwen/Qwen2.5-7B-Instruct,13,math:hard_generic_main_r2,math,hard_generic_main_r2,ALWAYS_REWRITE_OR_RESTART,FORMAT_TUNED_SIMPLE_RULE,168,0.5119047619047619,0.7857142857142857,0.27472619047619046,0.19047619047619047,0.3511904761904762,1.709326186236787e-09
Qwen/Qwen2.5-7B-Instruct,13,math:hard_generic_main_r2,math,hard_generic_main_r2,POOLED_RULE_BEST,MATH_TUNED_SIMPLE_RULE,168,0.7916666666666666,0.7916666666666666,0.0,0.0,0.0,1.0
Qwen/Qwen2.5-7B-Instruct,13,math:hard_generic_main_r2,math,hard_generic_main_r2,POOLED_RULE_BEST,FORMAT_TUNED_SIMPLE_RULE,168,0.7916666666666666,0.7857142857142857,-0.006071428571428573,-0.017857142857142905,0.0,1.0
Qwen/Qwen2.5-7B-Instruct,29,overall,pooled,overall,ALWAYS_REWRITE_OR_RESTART,POOLED_RULE_BEST,907,0.4729878721058434,0.7453142227122381,0.2707188533627343,0.23594266813671438,0.30981256890848946,3.800560311188262e-46
Qwen/Qwen2.5-7B-Instruct,29,overall,pooled,overall,ALWAYS_REWRITE_OR_RESTART,POOLED_LEARNED_GATE,907,0.4729878721058434,0.7199558985667034,0.24637927232635062,0.21278941565600878,0.28335170893054024,4.4428671970733176e-48
Qwen/Qwen2.5-7B-Instruct,29,overall,pooled,overall,ALWAYS_REWRITE_OR_RESTART,MATH_TUNED_SIMPLE_RULE,907,0.4729878721058434,0.743109151047409,0.26855126791620726,0.2337375964718853,0.3076074972436604,1.0180676923449044e-46
Qwen/Qwen2.5-7B-Instruct,29,overall,pooled,overall,ALWAYS_REWRITE_OR_RESTART,FORMAT_TUNED_SIMPLE_RULE,907,0.4729878721058434,0.7453142227122381,0.2707188533627343,0.23594266813671438,0.30981256890848946,3.800560311188262e-46
Qwen/Qwen2.5-7B-Instruct,29,overall,pooled,overall,POOLED_RULE_BEST,MATH_TUNED_SIMPLE_RULE,907,0.7453142227122381,0.743109151047409,-0.00216758544652701,-0.007717750826901848,0.003307607497243681,0.7265625
Qwen/Qwen2.5-7B-Instruct,29,overall,pooled,overall,POOLED_RULE_BEST,FORMAT_TUNED_SIMPLE_RULE,907,0.7453142227122381,0.7453142227122381,0.0,0.0,0.0,1.0
Qwen/Qwen2.5-7B-Instruct,29,format:overall,format,overall,ALWAYS_REWRITE_OR_RESTART,POOLED_RULE_BEST,235,0.5191489361702127,0.6297872340425532,0.11154893617021278,0.06382978723404253,0.16595744680851066,2.4342560209333897e-05
Qwen/Qwen2.5-7B-Instruct,29,format:overall,format,overall,ALWAYS_REWRITE_OR_RESTART,POOLED_LEARNED_GATE,235,0.5191489361702127,0.5446808510638298,0.0255404255319149,-0.008510638297872353,0.05957446808510641,0.1795654296875
Qwen/Qwen2.5-7B-Instruct,29,format:overall,format,overall,ALWAYS_REWRITE_OR_RESTART,MATH_TUNED_SIMPLE_RULE,235,0.5191489361702127,0.6170212765957447,0.09862127659574468,0.051063829787234005,0.14468085106382983,6.618769839406013e-05
Qwen/Qwen2.5-7B-Instruct,29,format:overall,format,overall,ALWAYS_REWRITE_OR_RESTART,FORMAT_TUNED_SIMPLE_RULE,235,0.5191489361702127,0.6297872340425532,0.11154893617021278,0.06382978723404253,0.16595744680851066,2.4342560209333897e-05
Qwen/Qwen2.5-7B-Instruct,29,format:overall,format,overall,POOLED_RULE_BEST,MATH_TUNED_SIMPLE_RULE,235,0.6297872340425532,0.6170212765957447,-0.012927659574468084,-0.029787234042553234,0.004255319148936176,0.375
Qwen/Qwen2.5-7B-Instruct,29,format:overall,format,overall,POOLED_RULE_BEST,FORMAT_TUNED_SIMPLE_RULE,235,0.6297872340425532,0.6297872340425532,0.0,0.0,0.0,1.0
Qwen/Qwen2.5-7B-Instruct,29,format:ifbench,format,ifbench,ALWAYS_REWRITE_OR_RESTART,POOLED_RULE_BEST,106,0.33962264150943394,0.4716981132075472,0.13303773584905662,0.0566037735849057,0.20754716981132076,0.0025768280029296875
Qwen/Qwen2.5-7B-Instruct,29,format:ifbench,format,ifbench,ALWAYS_REWRITE_OR_RESTART,POOLED_LEARNED_GATE,106,0.33962264150943394,0.3584905660377358,0.018094339622641512,-0.018867924528301883,0.05660377358490565,0.625
Qwen/Qwen2.5-7B-Instruct,29,format:ifbench,format,ifbench,ALWAYS_REWRITE_OR_RESTART,MATH_TUNED_SIMPLE_RULE,106,0.33962264150943394,0.4528301886792453,0.11350943396226416,0.047169811320754707,0.17924528301886794,0.004180908203125
Qwen/Qwen2.5-7B-Instruct,29,format:ifbench,format,ifbench,ALWAYS_REWRITE_OR_RESTART,FORMAT_TUNED_SIMPLE_RULE,106,0.33962264150943394,0.4716981132075472,0.13303773584905662,0.0566037735849057,0.20754716981132076,0.0025768280029296875
Qwen/Qwen2.5-7B-Instruct,29,format:ifbench,format,ifbench,POOLED_RULE_BEST,MATH_TUNED_SIMPLE_RULE,106,0.4716981132075472,0.4528301886792453,-0.01952830188679245,-0.05660377358490565,0.018867924528301883,0.625
Qwen/Qwen2.5-7B-Instruct,29,format:ifbench,format,ifbench,POOLED_RULE_BEST,FORMAT_TUNED_SIMPLE_RULE,106,0.4716981132075472,0.4716981132075472,0.0,0.0,0.0,1.0
Qwen/Qwen2.5-7B-Instruct,29,format:ifeval_screened,format,ifeval_screened,ALWAYS_REWRITE_OR_RESTART,POOLED_RULE_BEST,129,0.6666666666666666,0.7596899224806202,0.0929922480620155,0.03100775193798455,0.15503875968992253,0.007537841796875
Qwen/Qwen2.5-7B-Instruct,29,format:ifeval_screened,format,ifeval_screened,ALWAYS_REWRITE_OR_RESTART,POOLED_LEARNED_GATE,129,0.6666666666666666,0.6976744186046512,0.02951937984496124,-0.015503875968992165,0.07751937984496127,0.34375
Qwen/Qwen2.5-7B-Instruct,29,format:ifeval_screened,format,ifeval_screened,ALWAYS_REWRITE_OR_RESTART,MATH_TUNED_SIMPLE_RULE,129,0.6666666666666666,0.751937984496124,0.08502325581395348,0.023255813953488413,0.1472868217054264,0.012725830078125
Qwen/Qwen2.5-7B-Instruct,29,format:ifeval_screened,format,ifeval_screened,ALWAYS_REWRITE_OR_RESTART,FORMAT_TUNED_SIMPLE_RULE,129,0.6666666666666666,0.7596899224806202,0.0929922480620155,0.03100775193798455,0.15503875968992253,0.007537841796875
Qwen/Qwen2.5-7B-Instruct,29,format:ifeval_screened,format,ifeval_screened,POOLED_RULE_BEST,MATH_TUNED_SIMPLE_RULE,129,0.7596899224806202,0.751937984496124,-0.007968992248062017,-0.023255813953488413,0.0,1.0
Qwen/Qwen2.5-7B-Instruct,29,format:ifeval_screened,format,ifeval_screened,POOLED_RULE_BEST,FORMAT_TUNED_SIMPLE_RULE,129,0.7596899224806202,0.7596899224806202,0.0,0.0,0.0,1.0
Qwen/Qwen2.5-7B-Instruct,29,math:overall,math,overall,ALWAYS_REWRITE_OR_RESTART,POOLED_RULE_BEST,672,0.4568452380952381,0.7857142857142857,0.3308244047619048,0.2857142857142857,0.37648809523809523,6.092888797185963e-42
Qwen/Qwen2.5-7B-Instruct,29,math:overall,math,overall,ALWAYS_REWRITE_OR_RESTART,POOLED_LEARNED_GATE,672,0.4568452380952381,0.78125,0.3253690476190476,0.28125000000000006,0.3645833333333333,1.5527995419178577e-48
Qwen/Qwen2.5-7B-Instruct,29,math:overall,math,overall,ALWAYS_REWRITE_OR_RESTART,MATH_TUNED_SIMPLE_RULE,672,0.4568452380952381,0.7872023809523809,0.3321279761904762,0.28571428571428575,0.37648809523809523,6.537221696472218e-43
Qwen/Qwen2.5-7B-Instruct,29,math:overall,math,overall,ALWAYS_REWRITE_OR_RESTART,FORMAT_TUNED_SIMPLE_RULE,672,0.4568452380952381,0.7857142857142857,0.3308244047619048,0.2857142857142857,0.37648809523809523,6.092888797185963e-42
Qwen/Qwen2.5-7B-Instruct,29,math:overall,math,overall,POOLED_RULE_BEST,MATH_TUNED_SIMPLE_RULE,672,0.7857142857142857,0.7872023809523809,0.0013035714285714278,-0.0029761904761905766,0.007440476190476164,1.0
Qwen/Qwen2.5-7B-Instruct,29,math:overall,math,overall,POOLED_RULE_BEST,FORMAT_TUNED_SIMPLE_RULE,672,0.7857142857142857,0.7857142857142857,0.0,0.0,0.0,1.0
Qwen/Qwen2.5-7B-Instruct,29,math:hard_cluster_main_r2,math,hard_cluster_main_r2,ALWAYS_REWRITE_OR_RESTART,POOLED_RULE_BEST,511,0.4637964774951076,0.7827788649706457,0.3193737769080235,0.2720156555772994,0.36790606653620356,1.1217262542994799e-30
Qwen/Qwen2.5-7B-Instruct,29,math:hard_cluster_main_r2,math,hard_cluster_main_r2,ALWAYS_REWRITE_OR_RESTART,POOLED_LEARNED_GATE,511,0.4637964774951076,0.7788649706457925,0.31457925636007833,0.27005870841487284,0.36007827788649704,4.971259421386103e-36
Qwen/Qwen2.5-7B-Instruct,29,math:hard_cluster_main_r2,math,hard_cluster_main_r2,ALWAYS_REWRITE_OR_RESTART,MATH_TUNED_SIMPLE_RULE,511,0.4637964774951076,0.7827788649706457,0.3193502935420744,0.2720156555772994,0.36790606653620356,5.112049710529943e-31
Qwen/Qwen2.5-7B-Instruct,29,math:hard_cluster_main_r2,math,hard_cluster_main_r2,ALWAYS_REWRITE_OR_RESTART,FORMAT_TUNED_SIMPLE_RULE,511,0.4637964774951076,0.7827788649706457,0.3193737769080235,0.2720156555772994,0.36790606653620356,1.1217262542994799e-30
Qwen/Qwen2.5-7B-Instruct,29,math:hard_cluster_main_r2,math,hard_cluster_main_r2,POOLED_RULE_BEST,MATH_TUNED_SIMPLE_RULE,511,0.7827788649706457,0.7827788649706457,-2.3483365949118263e-05,-0.005870841487279788,0.005870841487279899,1.0
Qwen/Qwen2.5-7B-Instruct,29,math:hard_cluster_main_r2,math,hard_cluster_main_r2,POOLED_RULE_BEST,FORMAT_TUNED_SIMPLE_RULE,511,0.7827788649706457,0.7827788649706457,0.0,0.0,0.0,1.0
Qwen/Qwen2.5-7B-Instruct,29,math:hard_generic_main_r2,math,hard_generic_main_r2,ALWAYS_REWRITE_OR_RESTART,POOLED_RULE_BEST,161,0.43478260869565216,0.7950310559006211,0.35976397515527947,0.2732919254658385,0.4472049689440994,1.8077410513282367e-12
Qwen/Qwen2.5-7B-Instruct,29,math:hard_generic_main_r2,math,hard_generic_main_r2,ALWAYS_REWRITE_OR_RESTART,POOLED_LEARNED_GATE,161,0.43478260869565216,0.7888198757763976,0.3534906832298136,0.26708074534161497,0.4347826086956521,1.4195339782113736e-13
Qwen/Qwen2.5-7B-Instruct,29,math:hard_generic_main_r2,math,hard_generic_main_r2,ALWAYS_REWRITE_OR_RESTART,MATH_TUNED_SIMPLE_RULE,161,0.43478260869565216,0.8012422360248447,0.36551552795031056,0.27950310559006214,0.453416149068323,3.845005957472025e-13
Qwen/Qwen2.5-7B-Instruct,29,math:hard_generic_main_r2,math,hard_generic_main_r2,ALWAYS_REWRITE_OR_RESTART,FORMAT_TUNED_SIMPLE_RULE,161,0.43478260869565216,0.7950310559006211,0.35976397515527947,0.2732919254658385,0.4472049689440994,1.8077410513282367e-12
Qwen/Qwen2.5-7B-Instruct,29,math:hard_generic_main_r2,math,hard_generic_main_r2,POOLED_RULE_BEST,MATH_TUNED_SIMPLE_RULE,161,0.7950310559006211,0.8012422360248447,0.005751552795031053,0.0,0.018633540372670843,1.0
Qwen/Qwen2.5-7B-Instruct,29,math:hard_generic_main_r2,math,hard_generic_main_r2,POOLED_RULE_BEST,FORMAT_TUNED_SIMPLE_RULE,161,0.7950310559006211,0.7950310559006211,0.0,0.0,0.0,1.0
Qwen/Qwen2.5-7B-Instruct,47,overall,pooled,overall,ALWAYS_REWRITE_OR_RESTART,POOLED_RULE_BEST,956,0.502092050209205,0.7290794979079498,0.22778033472803347,0.19769874476987442,0.26046025104602516,2.166334508776108e-38
Qwen/Qwen2.5-7B-Instruct,47,overall,pooled,overall,ALWAYS_REWRITE_OR_RESTART,POOLED_LEARNED_GATE,956,0.502092050209205,0.7092050209205021,0.20787866108786607,0.18096234309623427,0.2384937238493724,9.42595141272198e-44
Qwen/Qwen2.5-7B-Instruct,47,overall,pooled,overall,ALWAYS_REWRITE_OR_RESTART,MATH_TUNED_SIMPLE_RULE,956,0.502092050209205,0.7165271966527197,0.21520083682008367,0.18410041841004188,0.2489539748953975,6.654661227851696e-36
Qwen/Qwen2.5-7B-Instruct,47,overall,pooled,overall,ALWAYS_REWRITE_OR_RESTART,FORMAT_TUNED_SIMPLE_RULE,956,0.502092050209205,0.7290794979079498,0.22778033472803347,0.19769874476987442,0.26046025104602516,2.166334508776108e-38
Qwen/Qwen2.5-7B-Instruct,47,overall,pooled,overall,POOLED_RULE_BEST,MATH_TUNED_SIMPLE_RULE,956,0.7290794979079498,0.7165271966527197,-0.012579497907949794,-0.01987447698744771,-0.005230125523012608,0.0018310546875
Qwen/Qwen2.5-7B-Instruct,47,overall,pooled,overall,POOLED_RULE_BEST,FORMAT_TUNED_SIMPLE_RULE,956,0.7290794979079498,0.7290794979079498,0.0,0.0,0.0,1.0
Qwen/Qwen2.5-7B-Instruct,47,format:overall,format,overall,ALWAYS_REWRITE_OR_RESTART,POOLED_RULE_BEST,228,0.543859649122807,0.6754385964912281,0.13053508771929825,0.08333333333333326,0.1842105263157895,6.038535502739251e-07
Qwen/Qwen2.5-7B-Instruct,47,format:overall,format,overall,ALWAYS_REWRITE_OR_RESTART,POOLED_LEARNED_GATE,228,0.543859649122807,0.5526315789473685,0.007754385964912285,-0.021929824561403466,0.03508771929824561,0.75390625
Qwen/Qwen2.5-7B-Instruct,47,format:overall,format,overall,ALWAYS_REWRITE_OR_RESTART,MATH_TUNED_SIMPLE_RULE,228,0.543859649122807,0.618421052631579,0.0740701754385965,0.030701754385964897,0.11403508771929827,0.0009105205535888672
Qwen/Qwen2.5-7B-Instruct,47,format:overall,format,overall,ALWAYS_REWRITE_OR_RESTART,FORMAT_TUNED_SIMPLE_RULE,228,0.543859649122807,0.6754385964912281,0.13053508771929825,0.08333333333333326,0.1842105263157895,6.038535502739251e-07
Qwen/Qwen2.5-7B-Instruct,47,format:overall,format,overall,POOLED_RULE_BEST,MATH_TUNED_SIMPLE_RULE,228,0.6754385964912281,0.618421052631579,-0.05646491228070175,-0.08771929824561409,-0.030701754385964897,0.000244140625
Qwen/Qwen2.5-7B-Instruct,47,format:overall,format,overall,POOLED_RULE_BEST,FORMAT_TUNED_SIMPLE_RULE,228,0.6754385964912281,0.6754385964912281,0.0,0.0,0.0,1.0
Qwen/Qwen2.5-7B-Instruct,47,format:ifbench,format,ifbench,ALWAYS_REWRITE_OR_RESTART,POOLED_RULE_BEST,101,0.3465346534653465,0.49504950495049505,0.14615841584158418,0.07920792079207917,0.21782178217821785,0.000274658203125
Qwen/Qwen2.5-7B-Instruct,47,format:ifbench,format,ifbench,ALWAYS_REWRITE_OR_RESTART,POOLED_LEARNED_GATE,101,0.3465346534653465,0.33663366336633666,-0.009881188118811881,-0.039603960396039584,0.0,1.0
Qwen/Qwen2.5-7B-Instruct,47,format:ifbench,format,ifbench,ALWAYS_REWRITE_OR_RESTART,MATH_TUNED_SIMPLE_RULE,101,0.3465346534653465,0.42574257425742573,0.07693069306930694,0.01980198019801982,0.13861386138613863,0.021484375
Qwen/Qwen2.5-7B-Instruct,47,format:ifbench,format,ifbench,ALWAYS_REWRITE_OR_RESTART,FORMAT_TUNED_SIMPLE_RULE,101,0.3465346534653465,0.49504950495049505,0.14615841584158418,0.07920792079207917,0.21782178217821785,0.000274658203125
Qwen/Qwen2.5-7B-Instruct,47,format:ifbench,format,ifbench,POOLED_RULE_BEST,MATH_TUNED_SIMPLE_RULE,101,0.49504950495049505,0.42574257425742573,-0.06922772277227725,-0.1188118811881188,-0.01980198019801982,0.015625
Qwen/Qwen2.5-7B-Instruct,47,format:ifbench,format,ifbench,POOLED_RULE_BEST,FORMAT_TUNED_SIMPLE_RULE,101,0.49504950495049505,0.49504950495049505,0.0,0.0,0.0,1.0
Qwen/Qwen2.5-7B-Instruct,47,format:ifeval_screened,format,ifeval_screened,ALWAYS_REWRITE_OR_RESTART,POOLED_RULE_BEST,127,0.7007874015748031,0.8188976377952756,0.11929133858267717,0.055118110236220486,0.1889763779527559,0.0014896392822265625
Qwen/Qwen2.5-7B-Instruct,47,format:ifeval_screened,format,ifeval_screened,ALWAYS_REWRITE_OR_RESTART,POOLED_LEARNED_GATE,127,0.7007874015748031,0.7244094488188977,0.024897637795275592,-0.023622047244094446,0.07086614173228345,0.5078125
Qwen/Qwen2.5-7B-Instruct,47,format:ifeval_screened,format,ifeval_screened,ALWAYS_REWRITE_OR_RESTART,MATH_TUNED_SIMPLE_RULE,127,0.7007874015748031,0.7716535433070866,0.07211023622047244,0.015748031496062964,0.12598425196850394,0.03515625
Qwen/Qwen2.5-7B-Instruct,47,format:ifeval_screened,format,ifeval_screened,ALWAYS_REWRITE_OR_RESTART,FORMAT_TUNED_SIMPLE_RULE,127,0.7007874015748031,0.8188976377952756,0.11929133858267717,0.055118110236220486,0.1889763779527559,0.0014896392822265625
Qwen/Qwen2.5-7B-Instruct,47,format:ifeval_screened,format,ifeval_screened,POOLED_RULE_BEST,MATH_TUNED_SIMPLE_RULE,127,0.8188976377952756,0.7716535433070866,-0.04718110236220473,-0.08661417322834652,-0.015748031496062964,0.03125
Qwen/Qwen2.5-7B-Instruct,47,format:ifeval_screened,format,ifeval_screened,POOLED_RULE_BEST,FORMAT_TUNED_SIMPLE_RULE,127,0.8188976377952756,0.8188976377952756,0.0,0.0,0.0,1.0
Qwen/Qwen2.5-7B-Instruct,47,math:overall,math,overall,ALWAYS_REWRITE_OR_RESTART,POOLED_RULE_BEST,728,0.489010989010989,0.7458791208791209,0.256456043956044,0.2142857142857143,0.29807692307692313,1.2842737559078747e-32
Qwen/Qwen2.5-7B-Instruct,47,math:overall,math,overall,ALWAYS_REWRITE_OR_RESTART,POOLED_LEARNED_GATE,728,0.489010989010989,0.7582417582417582,0.26858516483516487,0.2321428571428571,0.3063186813186813,1.9446339366934866e-45
Qwen/Qwen2.5-7B-Instruct,47,math:overall,math,overall,ALWAYS_REWRITE_OR_RESTART,MATH_TUNED_SIMPLE_RULE,728,0.489010989010989,0.7472527472527473,0.25787087912087914,0.21565934065934067,0.29807692307692313,3.894370844932829e-33
Qwen/Qwen2.5-7B-Instruct,47,math:overall,math,overall,ALWAYS_REWRITE_OR_RESTART,FORMAT_TUNED_SIMPLE_RULE,728,0.489010989010989,0.7458791208791209,0.256456043956044,0.2142857142857143,0.29807692307692313,1.2842737559078747e-32
Qwen/Qwen2.5-7B-Instruct,47,math:overall,math,overall,POOLED_RULE_BEST,MATH_TUNED_SIMPLE_RULE,728,0.7458791208791209,0.7472527472527473,0.001414835164835163,0.0,0.004120879120879106,1.0
Qwen/Qwen2.5-7B-Instruct,47,math:overall,math,overall,POOLED_RULE_BEST,FORMAT_TUNED_SIMPLE_RULE,728,0.7458791208791209,0.7458791208791209,0.0,0.0,0.0,1.0
Qwen/Qwen2.5-7B-Instruct,47,math:hard_cluster_main_r2,math,hard_cluster_main_r2,ALWAYS_REWRITE_OR_RESTART,POOLED_RULE_BEST,562,0.49110320284697506,0.7366548042704626,0.2465338078291815,0.20640569395017788,0.29181494661921714,3.837428895325244e-23
Qwen/Qwen2.5-7B-Instruct,47,math:hard_cluster_main_r2,math,hard_cluster_main_r2,ALWAYS_REWRITE_OR_RESTART,POOLED_LEARNED_GATE,562,0.49110320284697506,0.7526690391459074,0.26228469750889677,0.22597864768683273,0.306049822064057,6.347663071146424e-34
Qwen/Qwen2.5-7B-Instruct,47,math:hard_cluster_main_r2,math,hard_cluster_main_r2,ALWAYS_REWRITE_OR_RESTART,MATH_TUNED_SIMPLE_RULE,562,0.49110320284697506,0.7384341637010676,0.2482740213523132,0.20640569395017794,0.2953736654804271,1.2823436375046926e-23
Qwen/Qwen2.5-7B-Instruct,47,math:hard_cluster_main_r2,math,hard_cluster_main_r2,ALWAYS_REWRITE_OR_RESTART,FORMAT_TUNED_SIMPLE_RULE,562,0.49110320284697506,0.7366548042704626,0.2465338078291815,0.20640569395017788,0.29181494661921714,3.837428895325244e-23
Qwen/Qwen2.5-7B-Instruct,47,math:hard_cluster_main_r2,math,hard_cluster_main_r2,POOLED_RULE_BEST,MATH_TUNED_SIMPLE_RULE,562,0.7366548042704626,0.7384341637010676,0.001740213523131676,0.0,0.005338078291814985,1.0
Qwen/Qwen2.5-7B-Instruct,47,math:hard_cluster_main_r2,math,hard_cluster_main_r2,POOLED_RULE_BEST,FORMAT_TUNED_SIMPLE_RULE,562,0.7366548042704626,0.7366548042704626,0.0,0.0,0.0,1.0
Qwen/Qwen2.5-7B-Instruct,47,math:hard_generic_main_r2,math,hard_generic_main_r2,ALWAYS_REWRITE_OR_RESTART,POOLED_RULE_BEST,166,0.4819277108433735,0.7771084337349398,0.2933975903614458,0.21084337349397586,0.38554216867469876,5.380614009897755e-11
Qwen/Qwen2.5-7B-Instruct,47,math:hard_generic_main_r2,math,hard_generic_main_r2,ALWAYS_REWRITE_OR_RESTART,POOLED_LEARNED_GATE,166,0.4819277108433735,0.7771084337349398,0.29410843373493983,0.21084337349397597,0.3734939759036145,1.5418777365994174e-12
Qwen/Qwen2.5-7B-Instruct,47,math:hard_generic_main_r2,math,hard_generic_main_r2,ALWAYS_REWRITE_OR_RESTART,MATH_TUNED_SIMPLE_RULE,166,0.4819277108433735,0.7771084337349398,0.2933975903614458,0.21084337349397586,0.38554216867469876,5.380614009897755e-11
Qwen/Qwen2.5-7B-Instruct,47,math:hard_generic_main_r2,math,hard_generic_main_r2,ALWAYS_REWRITE_OR_RESTART,FORMAT_TUNED_SIMPLE_RULE,166,0.4819277108433735,0.7771084337349398,0.2933975903614458,0.21084337349397586,0.38554216867469876,5.380614009897755e-11
Qwen/Qwen2.5-7B-Instruct,47,math:hard_generic_main_r2,math,hard_generic_main_r2,POOLED_RULE_BEST,MATH_TUNED_SIMPLE_RULE,166,0.7771084337349398,0.7771084337349398,0.0,0.0,0.0,1.0
Qwen/Qwen2.5-7B-Instruct,47,math:hard_generic_main_r2,math,hard_generic_main_r2,POOLED_RULE_BEST,FORMAT_TUNED_SIMPLE_RULE,166,0.7771084337349398,0.7771084337349398,0.0,0.0,0.0,1.0
