model_name,scope,module,surface_name,policy,n_mean,n_std,n_min,n_max,success_rate_mean,success_rate_std,success_rate_min,success_rate_max,utility_mean,utility_std,utility_min,utility_max,intervention_rate_mean,intervention_rate_std,intervention_rate_min,intervention_rate_max,false_intervene_rate_mean,false_intervene_rate_std,false_intervene_rate_min,false_intervene_rate_max,missed_intervene_rate_mean,missed_intervene_rate_std,missed_intervene_rate_min,missed_intervene_rate_max,avg_latency_s_mean,avg_latency_s_std,avg_latency_s_min,avg_latency_s_max
mistralai/Mistral-7B-Instruct-v0.3,format:ifbench,format,ifbench,ALWAYS_LOCAL,110.0,2.0,108,112,0.2364738656405323,0.025398209155986045,0.20909090909090908,0.25925925925925924,0.2364738656405323,0.025398209155986045,0.20909090909090908,0.25925925925925924,1.0,0.0,1.0,1.0,0.85748556998557,0.02988661070002456,0.8333333333333334,0.8909090909090909,0.0,0.0,0.0,0.0,6.0728175905160455,0.4152429470648278,5.6681807286596655,6.49791048723273
mistralai/Mistral-7B-Instruct-v0.3,format:ifbench,format,ifbench,ALWAYS_REWRITE_OR_RESTART,110.0,2.0,108,112,0.19392336059002724,0.028911673501627783,0.17592592592592593,0.22727272727272727,0.19392336059002724,0.028911673501627783,0.17592592592592593,0.22727272727272727,1.0,0.0,1.0,1.0,0.9392716851050184,0.014481305565301777,0.9272727272727272,0.9553571428571429,0.0,0.0,0.0,0.0,4.432332369463267,0.1320555305052159,4.333313707848512,4.582266506100832
mistralai/Mistral-7B-Instruct-v0.3,format:ifbench,format,ifbench,FORMAT_DOMAIN_LEARNED_GATE,110.0,2.0,108,112,0.27570947570947574,0.01118333876371484,0.2636363636363636,0.2857142857142857,0.27570947570947574,0.01118333876371484,0.2636363636363636,0.2857142857142857,0.7607162898829566,0.02041241481835853,0.7410714285714286,0.7818181818181819,0.6182018598685265,0.04724933170529155,0.5892857142857143,0.6727272727272727,0.0,0.0,0.0,0.0,5.7604125322195445,0.3239989652355492,5.429132828118911,6.076603530768167
mistralai/Mistral-7B-Instruct-v0.3,format:ifbench,format,ifbench,FORMAT_TUNED_SIMPLE_RULE,110.0,2.0,108,112,0.27570947570947574,0.01118333876371484,0.2636363636363636,0.2857142857142857,0.27570947570947574,0.01118333876371484,0.2636363636363636,0.2857142857142857,0.8668049543049543,0.02172646065042418,0.8454545454545455,0.8888888888888888,0.7242905242905243,0.011183338763714813,0.7142857142857143,0.7363636363636363,0.0,0.0,0.0,0.0,5.872188021406227,0.3827386703046997,5.502359684556723,6.266647270169212
mistralai/Mistral-7B-Instruct-v0.3,format:ifbench,format,ifbench,MATH_DOMAIN_LEARNED_GATE,110.0,2.0,108,112,0.2155282988616322,0.03270633796267703,0.17857142857142858,0.24074074074074073,0.2155282988616322,0.03270633796267703,0.17857142857142858,0.24074074074074073,1.0,0.0,1.0,1.0,0.8966129549462883,0.03963852620095953,0.8518518518518519,0.9272727272727272,0.0,0.0,0.0,0.0,5.282903622913529,0.7075499580869256,4.59233536042527,6.006292963486716
mistralai/Mistral-7B-Instruct-v0.3,format:ifbench,format,ifbench,MATH_TUNED_SIMPLE_RULE,110.0,2.0,108,112,0.2456729998396665,0.01959209965379297,0.22321428571428573,0.25925925925925924,0.2456729998396665,0.01959209965379297,0.22321428571428573,0.25925925925925924,0.8668049543049543,0.02172646065042418,0.8454545454545455,0.8888888888888888,0.7543270001603335,0.01959209965379304,0.7407407407407407,0.7767857142857143,0.0,0.0,0.0,0.0,5.342467439526559,0.3769486697650853,5.084261500725655,5.7750297464232
mistralai/Mistral-7B-Instruct-v0.3,format:ifbench,format,ifbench,NO_INTERVENTION,110.0,2.0,108,112,0.1331950456950457,0.02172646065042421,0.1111111111111111,0.15454545454545454,0.1331950456950457,0.02172646065042421,0.1111111111111111,0.15454545454545454,0.0,0.0,0.0,0.0,0.0,0.0,0.0,0.0,0.16973705307038642,0.02128768602318093,0.14545454545454545,0.18518518518518517,4.687183145922567,0.14117351044949164,4.59386022731113,4.84959470112032
mistralai/Mistral-7B-Instruct-v0.3,format:ifbench,format,ifbench,ORACLE_POLICY,110.0,2.0,108,112,0.3029320987654321,0.008490459693505504,0.2962962962962963,0.3125,0.3029320987654321,0.008490459693505504,0.2962962962962963,0.3125,0.8668049543049543,0.02172646065042418,0.8454545454545455,0.8888888888888888,0.6970679012345679,0.008490459693505488,0.6875,0.7037037037037037,0.0,0.0,0.0,0.0,4.521732458962472,0.13422508854345622,4.386325321693651,4.654743414445504
mistralai/Mistral-7B-Instruct-v0.3,format:ifbench,format,ifbench,POOLED_LEARNED_GATE,110.0,2.0,108,112,0.19094717011383677,0.03161532564297034,0.16964285714285715,0.22727272727272727,0.19094717011383677,0.03161532564297034,0.16964285714285715,0.22727272727272727,0.8455928330928332,0.05639648688293667,0.7818181818181819,0.8888888888888888,0.7878407086740421,0.06827164447353598,0.7090909090909091,0.8303571428571429,0.0,0.0,0.0,0.0,4.532886029485701,0.10753042620112263,4.432214541610198,4.6461640581428245
mistralai/Mistral-7B-Instruct-v0.3,format:ifbench,format,ifbench,POOLED_RULE_BEST,110.0,2.0,108,112,0.26953663620330287,0.014180162850163922,0.25925925925925924,0.2857142857142857,0.26953663620330287,0.014180162850163922,0.25925925925925924,0.2857142857142857,0.8668049543049543,0.02172646065042418,0.8454545454545455,0.8888888888888888,0.7304633637966971,0.014180162850163882,0.7142857142857143,0.7407407407407407,0.0,0.0,0.0,0.0,5.640103982737409,0.18285186936849446,5.502359684556723,5.8475571094927465
mistralai/Mistral-7B-Instruct-v0.3,format:ifbench,format,ifbench,POOLED_SIMPLE_2FEATURE,110.0,2.0,108,112,0.27570947570947574,0.01118333876371484,0.2636363636363636,0.2857142857142857,0.27570947570947574,0.01118333876371484,0.2636363636363636,0.2857142857142857,0.8668049543049543,0.02172646065042418,0.8454545454545455,0.8888888888888888,0.7242905242905243,0.011183338763714813,0.7142857142857143,0.7363636363636363,0.0,0.0,0.0,0.0,5.872188021406227,0.3827386703046997,5.502359684556723,6.266647270169212
mistralai/Mistral-7B-Instruct-v0.3,format:ifbench,format,ifbench,POOLED_SIMPLE_3FEATURE,110.0,2.0,108,112,0.27570947570947574,0.01118333876371484,0.2636363636363636,0.2857142857142857,0.27570947570947574,0.01118333876371484,0.2636363636363636,0.2857142857142857,0.8668049543049543,0.02172646065042418,0.8454545454545455,0.8888888888888888,0.7242905242905243,0.011183338763714813,0.7142857142857143,0.7363636363636363,0.0,0.0,0.0,0.0,5.872188021406227,0.3827386703046997,5.502359684556723,6.266647270169212
mistralai/Mistral-7B-Instruct-v0.3,format:ifbench,format,ifbench,POOLED_SIMPLE_THRESHOLDED_TREE,110.0,2.0,108,112,0.2456729998396665,0.01959209965379297,0.22321428571428573,0.25925925925925924,0.2456729998396665,0.01959209965379297,0.22321428571428573,0.25925925925925924,0.8668049543049543,0.02172646065042418,0.8454545454545455,0.8888888888888888,0.7543270001603335,0.01959209965379304,0.7407407407407407,0.7767857142857143,0.0,0.0,0.0,0.0,5.223567553318542,0.30172609201882505,5.021490255649302,5.5703951541627585
mistralai/Mistral-7B-Instruct-v0.3,format:ifeval_screened,format,ifeval_screened,ALWAYS_LOCAL,129.66666666666666,11.0151410945722,117,137,0.5115547514574278,0.014666596153478054,0.4962962962962963,0.5255474452554745,0.5115547514574278,0.014666596153478054,0.4962962962962963,0.5255474452554745,1.0,0.0,1.0,1.0,0.7474646647396038,0.035972596506678486,0.7153284671532847,0.7863247863247863,0.0,0.0,0.0,0.0,6.2376439603383815,0.34308681222387066,5.903802375002709,6.589283208086811
mistralai/Mistral-7B-Instruct-v0.3,format:ifeval_screened,format,ifeval_screened,ALWAYS_REWRITE_OR_RESTART,129.66666666666666,11.0151410945722,117,137,0.48179757522823213,0.019850202848492916,0.4666666666666667,0.5042735042735043,0.48179757522823213,0.019850202848492916,0.4666666666666667,0.5042735042735043,1.0,0.0,1.0,1.0,0.8752109024615108,0.02593519134424417,0.8467153284671532,0.8974358974358975,0.0,0.0,0.0,0.0,4.126538208666212,0.24816446848103,3.9054892608601377,4.394982362855916
mistralai/Mistral-7B-Instruct-v0.3,format:ifeval_screened,format,ifeval_screened,FORMAT_DOMAIN_LEARNED_GATE,129.66666666666666,11.0151410945722,117,137,0.4965763442649087,0.012841571196971172,0.48175182481751827,0.5042735042735043,0.4965763442649087,0.012841571196971172,0.48175182481751827,0.5042735042735043,0.6377094294369233,0.0426893045483173,0.5897435897435898,0.6715328467153284,0.49814156286175754,0.011991666427397853,0.48717948717948717,0.5109489051094891,0.0,0.0,0.0,0.0,4.27862664877409,0.36062613265584487,3.9037439015168602,4.623066117649001
mistralai/Mistral-7B-Instruct-v0.3,format:ifeval_screened,format,ifeval_screened,FORMAT_TUNED_SIMPLE_RULE,129.66666666666666,11.0151410945722,117,137,0.609543812950139,0.00511867942213459,0.6058394160583942,0.6153846153846154,0.609543812950139,0.00511867942213459,0.6058394160583942,0.6153846153846154,0.6429915223102571,0.04099528180375154,0.5982905982905983,0.6788321167883211,0.390456187049861,0.005118679422134581,0.38461538461538464,0.39416058394160586,0.0,0.0,0.0,0.0,5.687037799046759,0.2910122993386016,5.391993521063979,5.973843152707236
mistralai/Mistral-7B-Instruct-v0.3,format:ifeval_screened,format,ifeval_screened,MATH_DOMAIN_LEARNED_GATE,129.66666666666666,11.0151410945722,117,137,0.4953646515690311,0.016261737763614063,0.47863247863247865,0.5111111111111111,0.4953646515690311,0.016261737763614063,0.47863247863247865,0.5111111111111111,1.0,0.0,1.0,1.0,0.8274557919326776,0.008572210856048238,0.8205128205128205,0.837037037037037,0.0,0.0,0.0,0.0,5.1549481051590424,0.4747682566631807,4.706659643081473,5.652374221091597
mistralai/Mistral-7B-Instruct-v0.3,format:ifeval_screened,format,ifeval_screened,MATH_TUNED_SIMPLE_RULE,129.66666666666666,11.0151410945722,117,137,0.5712035823957965,0.00960354000048504,0.5620437956204379,0.5811965811965812,0.5712035823957965,0.00960354000048504,0.5620437956204379,0.5811965811965812,0.6429915223102571,0.04099528180375154,0.5982905982905983,0.6788321167883211,0.42879641760420356,0.009603540000485045,0.4188034188034188,0.43795620437956206,0.0,0.0,0.0,0.0,5.41650965305907,0.32238421594647887,5.101460258607776,5.74575939791415
mistralai/Mistral-7B-Instruct-v0.3,format:ifeval_screened,format,ifeval_screened,NO_INTERVENTION,129.66666666666666,11.0151410945722,117,137,0.35700847768974286,0.04099528180375153,0.32116788321167883,0.4017094017094017,0.35700847768974286,0.04099528180375153,0.32116788321167883,0.4017094017094017,0.0,0.0,0.0,0.0,0.0,0.0,0.0,0.0,0.296537525734606,0.0360188903568871,0.26495726495726496,0.3357664233576642,4.202188784037387,0.25905791403404543,3.9763977204123115,4.485010180608542
mistralai/Mistral-7B-Instruct-v0.3,format:ifeval_screened,format,ifeval_screened,ORACLE_POLICY,129.66666666666666,11.0151410945722,117,137,0.6535460034243489,0.01510262184685284,0.6370370370370371,0.6666666666666666,0.6535460034243489,0.01510262184685284,0.6370370370370371,0.6666666666666666,0.6429915223102571,0.04099528180375154,0.5982905982905983,0.6788321167883211,0.34645399657565107,0.015102621846852975,0.3333333333333333,0.362962962962963,0.0,0.0,0.0,0.0,4.639808535865815,0.36663675874449503,4.245709997148086,4.970787895936519
mistralai/Mistral-7B-Instruct-v0.3,format:ifeval_screened,format,ifeval_screened,POOLED_LEARNED_GATE,129.66666666666666,11.0151410945722,117,137,0.49805976667290536,0.0367354464988885,0.4666666666666667,0.5384615384615384,0.49805976667290536,0.0367354464988885,0.4666666666666667,0.5384615384615384,0.6429915223102571,0.04099528180375154,0.5982905982905983,0.6788321167883211,0.5019402333270947,0.03673544649888846,0.46153846153846156,0.5333333333333333,0.0,0.0,0.0,0.0,4.415709341126582,0.10254034620794701,4.297306566630514,4.475242155848791
mistralai/Mistral-7B-Instruct-v0.3,format:ifeval_screened,format,ifeval_screened,POOLED_RULE_BEST,129.66666666666666,11.0151410945722,117,137,0.5971981339377933,0.023718650489993793,0.5703703703703704,0.6153846153846154,0.5971981339377933,0.023718650489993793,0.5703703703703704,0.6153846153846154,0.6429915223102571,0.04099528180375154,0.5982905982905983,0.6788321167883211,0.40280186606220675,0.023718650489993776,0.38461538461538464,0.42962962962962964,0.0,0.0,0.0,0.0,5.6110098807823965,0.19134588962278906,5.391993521063979,5.74575939791415
mistralai/Mistral-7B-Instruct-v0.3,format:ifeval_screened,format,ifeval_screened,POOLED_SIMPLE_2FEATURE,129.66666666666666,11.0151410945722,117,137,0.609543812950139,0.00511867942213459,0.6058394160583942,0.6153846153846154,0.609543812950139,0.00511867942213459,0.6058394160583942,0.6153846153846154,0.6429915223102571,0.04099528180375154,0.5982905982905983,0.6788321167883211,0.390456187049861,0.005118679422134581,0.38461538461538464,0.39416058394160586,0.0,0.0,0.0,0.0,5.724702222919933,0.3307411628147726,5.391993521063979,6.053440090751758
mistralai/Mistral-7B-Instruct-v0.3,format:ifeval_screened,format,ifeval_screened,POOLED_SIMPLE_3FEATURE,129.66666666666666,11.0151410945722,117,137,0.609543812950139,0.00511867942213459,0.6058394160583942,0.6153846153846154,0.609543812950139,0.00511867942213459,0.6058394160583942,0.6153846153846154,0.6429915223102571,0.04099528180375154,0.5982905982905983,0.6788321167883211,0.390456187049861,0.005118679422134581,0.38461538461538464,0.39416058394160586,0.0,0.0,0.0,0.0,5.674002762865061,0.3110235254562565,5.3528884125188885,5.973843152707236
mistralai/Mistral-7B-Instruct-v0.3,format:ifeval_screened,format,ifeval_screened,POOLED_SIMPLE_THRESHOLDED_TREE,129.66666666666666,11.0151410945722,117,137,0.5712035823957965,0.00960354000048504,0.5620437956204379,0.5811965811965812,0.5712035823957965,0.00960354000048504,0.5620437956204379,0.5811965811965812,0.6429915223102571,0.04099528180375154,0.5982905982905983,0.6788321167883211,0.42879641760420356,0.009603540000485045,0.4188034188034188,0.43795620437956206,0.0,0.0,0.0,0.0,5.41650965305907,0.32238421594647887,5.101460258607776,5.74575939791415
mistralai/Mistral-7B-Instruct-v0.3,format:overall,format,overall,ALWAYS_LOCAL,239.66666666666666,9.451631252505212,229,247,0.3851581834761521,0.005536909776397099,0.3799126637554585,0.39094650205761317,0.3851581834761521,0.005536909776397099,0.3799126637554585,0.39094650205761317,1.0,0.0,1.0,1.0,0.7973363859281953,0.017662062029785153,0.7818930041152263,0.8165938864628821,0.0,0.0,0.0,0.0,6.16083163388064,0.38029387326824066,5.788563840546723,6.5486731099294415
mistralai/Mistral-7B-Instruct-v0.3,format:overall,format,overall,ALWAYS_REWRITE_OR_RESTART,239.66666666666666,9.451631252505212,229,247,0.3489330650817581,0.013890829794206763,0.3374485596707819,0.3643724696356275,0.3489330650817581,0.013890829794206763,0.3374485596707819,0.3643724696356275,1.0,0.0,1.0,1.0,0.9045683598319433,0.021597154895888163,0.8825910931174089,0.925764192139738,0.0,0.0,0.0,0.0,4.268903192438445,0.18791408925098332,4.11473091178895,4.478219759853657
mistralai/Mistral-7B-Instruct-v0.3,format:overall,format,overall,FORMAT_DOMAIN_LEARNED_GATE,239.66666666666666,9.451631252505212,229,247,0.39509582611636634,0.009545599508065062,0.38461538461538464,0.40329218106995884,0.39509582611636634,0.009545599508065062,0.38461538461538464,0.40329218106995884,0.6946639030536303,0.028764082532281174,0.6637554585152838,0.7206477732793523,0.5530695018509655,0.025935905019509944,0.537117903930131,0.582995951417004,0.0,0.0,0.0,0.0,4.960334965238176,0.3096524796960663,4.649785647278562,5.269082745701963
mistralai/Mistral-7B-Instruct-v0.3,format:overall,format,overall,FORMAT_TUNED_SIMPLE_RULE,239.66666666666666,9.451631252505212,229,247,0.45616503898550603,0.00412042891222987,0.4534412955465587,0.4609053497942387,0.45616503898550603,0.00412042891222987,0.4534412955465587,0.4609053497942387,0.7464985750862986,0.015075628460368853,0.7292576419213974,0.757201646090535,0.543834961014494,0.004120428912229925,0.5390946502057613,0.5465587044534413,0.0,0.0,0.0,0.0,5.77101464914303,0.3290747937057156,5.445971732029862,6.10397831602367
mistralai/Mistral-7B-Instruct-v0.3,format:overall,format,overall,MATH_DOMAIN_LEARNED_GATE,239.66666666666666,9.451631252505212,229,247,0.3664474833129123,0.03079520680715294,0.3318777292576419,0.39094650205761317,0.3664474833129123,0.03079520680715294,0.3318777292576419,0.39094650205761317,1.0,0.0,1.0,1.0,0.8595651880890695,0.014110679965863081,0.8436213991769548,0.8704453441295547,0.0,0.0,0.0,0.0,5.20579703652833,0.47702439078455044,4.6557459949349855,5.506024901163017
mistralai/Mistral-7B-Instruct-v0.3,format:overall,format,overall,MATH_TUNED_SIMPLE_RULE,239.66666666666666,9.451631252505212,229,247,0.4211045057083005,0.01344575338009988,0.40611353711790393,0.43209876543209874,0.4211045057083005,0.01344575338009988,0.40611353711790393,0.43209876543209874,0.7464985750862986,0.015075628460368853,0.7292576419213974,0.757201646090535,0.5788954942916995,0.013445753380099922,0.5679012345679012,0.5938864628820961,0.0,0.0,0.0,0.0,5.38327585865186,0.34095212356661164,5.093048639032242,5.75876844169595
mistralai/Mistral-7B-Instruct-v0.3,format:overall,format,overall,NO_INTERVENTION,239.66666666666666,9.451631252505212,229,247,0.25350142491370137,0.015075628460368936,0.24279835390946503,0.27074235807860264,0.25350142491370137,0.015075628460368936,0.24279835390946503,0.27074235807860264,0.0,0.0,0.0,0.0,0.0,0.0,0.0,0.0,0.23883930774641296,0.014561760166465345,0.22270742358078602,0.25101214574898784,4.427071203455121,0.19439533940002737,4.278388116799507,4.647047745280443
mistralai/Mistral-7B-Instruct-v0.3,format:overall,format,overall,ORACLE_POLICY,239.66666666666666,9.451631252505212,229,247,0.49234073266011436,0.006263577790696426,0.48559670781893005,0.4979757085020243,0.49234073266011436,0.006263577790696426,0.48559670781893005,0.4979757085020243,0.7464985750862986,0.015075628460368853,0.7292576419213974,0.757201646090535,0.5076592673398856,0.0062635777906964694,0.5020242914979757,0.51440329218107,0.0,0.0,0.0,0.0,4.591378064504582,0.22566753470267006,4.3818798141053765,4.830323681940512
mistralai/Mistral-7B-Instruct-v0.3,format:overall,format,overall,POOLED_LEARNED_GATE,239.66666666666666,9.451631252505212,229,247,0.3559989326394666,0.01760291767614984,0.3374485596707819,0.3724696356275304,0.3559989326394666,0.01760291767614984,0.3374485596707819,0.3724696356275304,0.7370518814290786,0.01759861055937003,0.7246963562753036,0.757201646090535,0.6345543737033136,0.032316618483611136,0.5991902834008097,0.6625514403292181,0.0,0.0,0.0,0.0,4.4698087400961795,0.09633903822599035,4.363287759633678,4.550839193008166
mistralai/Mistral-7B-Instruct-v0.3,format:overall,format,overall,POOLED_RULE_BEST,239.66666666666666,9.451631252505212,229,247,0.446562844198126,0.012531249156033058,0.43209876543209874,0.45414847161572053,0.446562844198126,0.012531249156033058,0.43209876543209874,0.45414847161572053,0.7464985750862986,0.015075628460368853,0.7292576419213974,0.757201646090535,0.553437155801874,0.01253124915603299,0.5458515283842795,0.5679012345679012,0.0,0.0,0.0,0.0,5.625628455143354,0.1627166102945153,5.445971732029862,5.763093899375559
mistralai/Mistral-7B-Instruct-v0.3,format:overall,format,overall,POOLED_SIMPLE_2FEATURE,239.66666666666666,9.451631252505212,229,247,0.45616503898550603,0.00412042891222987,0.4534412955465587,0.4609053497942387,0.45616503898550603,0.00412042891222987,0.4534412955465587,0.4609053497942387,0.7464985750862986,0.015075628460368853,0.7292576419213974,0.757201646090535,0.543834961014494,0.004120428912229925,0.5390946502057613,0.5465587044534413,0.0,0.0,0.0,0.0,5.791929313677888,0.35122710445376826,5.445971732029862,6.148198837159516
mistralai/Mistral-7B-Instruct-v0.3,format:overall,format,overall,POOLED_SIMPLE_3FEATURE,239.66666666666666,9.451631252505212,229,247,0.45616503898550603,0.00412042891222987,0.4534412955465587,0.4609053497942387,0.45616503898550603,0.00412042891222987,0.4534412955465587,0.4609053497942387,0.7464985750862986,0.015075628460368853,0.7292576419213974,0.757201646090535,0.543834961014494,0.004120428912229925,0.5390946502057613,0.5465587044534413,0.0,0.0,0.0,0.0,5.764354827163736,0.3389947837794264,5.425992266091978,6.10397831602367
mistralai/Mistral-7B-Instruct-v0.3,format:overall,format,overall,POOLED_SIMPLE_THRESHOLDED_TREE,239.66666666666666,9.451631252505212,229,247,0.4211045057083005,0.01344575338009988,0.40611353711790393,0.43209876543209874,0.4211045057083005,0.01344575338009988,0.40611353711790393,0.43209876543209874,0.7464985750862986,0.015075628460368853,0.7292576419213974,0.757201646090535,0.5788954942916995,0.013445753380099922,0.5679012345679012,0.5938864628820961,0.0,0.0,0.0,0.0,5.329470680743861,0.3089560568494579,5.062348292095335,5.667819734024643
mistralai/Mistral-7B-Instruct-v0.3,math:hard_cluster_main_r2,math,hard_cluster_main_r2,ALWAYS_LOCAL,525.6666666666666,13.316656236958776,517,541,0.35853996182294057,0.023090503638440105,0.3419593345656192,0.3849129593810445,0.35853996182294057,0.023090503638440105,0.3419593345656192,0.3849129593810445,1.0,0.0,1.0,1.0,0.6891295401695002,0.013958207373665703,0.6731141199226306,0.6987060998151571,0.0,0.0,0.0,0.0,2.3870928562118645,0.018307547779694927,2.365965733964832,2.398288742311182
mistralai/Mistral-7B-Instruct-v0.3,math:hard_cluster_main_r2,math,hard_cluster_main_r2,ALWAYS_REWRITE_OR_RESTART,525.6666666666666,13.316656236958776,517,541,0.13053819188302332,0.023514052576634106,0.10404624277456648,0.14893617021276595,0.13053819188302332,0.023514052576634106,0.10404624277456648,0.14893617021276595,1.0,0.0,1.0,1.0,0.8853342302393207,0.021074241800567804,0.8704061895551257,0.9094412331406551,0.0,0.0,0.0,0.0,3.787915348437617,0.035963216378440535,3.7467461399782658,3.8132090012341924
mistralai/Mistral-7B-Instruct-v0.3,math:hard_cluster_main_r2,math,hard_cluster_main_r2,FORMAT_DOMAIN_LEARNED_GATE,525.6666666666666,13.316656236958776,517,541,0.15615275332734654,0.015315639543853512,0.14417744916820702,0.17341040462427745,0.15615275332734654,0.015315639543853512,0.14417744916820702,0.17341040462427745,0.9980968509713727,4.7535398131839066e-05,0.9980657640232108,0.9981515711645101,0.8693796979757172,0.0013293688073941659,0.8684719535783365,0.8709055876685935,0.0,0.0,0.0,0.0,3.4857517034878662,0.2442744472540693,3.2565682470199144,3.742737999884862
mistralai/Mistral-7B-Instruct-v0.3,math:hard_cluster_main_r2,math,hard_cluster_main_r2,FORMAT_TUNED_SIMPLE_RULE,525.6666666666666,13.316656236958776,517,541,0.37815650810621565,0.019469359490662485,0.36414048059149723,0.40038684719535783,0.37815650810621565,0.019469359490662485,0.36414048059149723,0.40038684719535783,0.9327139517242841,0.005544651356701318,0.9264990328820116,0.9371534195933456,0.6218434918937844,0.01946935949066251,0.5996131528046421,0.6358595194085028,0.0,0.0,0.0,0.0,2.3572440774324424,0.023807241495904678,2.3297693967428312,2.371782160181057
mistralai/Mistral-7B-Instruct-v0.3,math:hard_cluster_main_r2,math,hard_cluster_main_r2,MATH_DOMAIN_LEARNED_GATE,525.6666666666666,13.316656236958776,517,541,0.3399318515219845,0.017128239460044666,0.3236994219653179,0.3578336557059961,0.3399318515219845,0.017128239460044666,0.3236994219653179,0.3578336557059961,0.924399405523312,0.010454288651042297,0.9129593810444874,0.933456561922366,0.65113745933188,0.020457235538384945,0.6286266924564797,0.6685934489402697,0.0006447453255963894,0.0011167316618754851,0.0,0.0019342359767891683,3.1019146906554522,0.04537993222547682,3.0518157227861926,3.140264863016439
mistralai/Mistral-7B-Instruct-v0.3,math:hard_cluster_main_r2,math,hard_cluster_main_r2,MATH_TUNED_SIMPLE_RULE,525.6666666666666,13.316656236958776,517,541,0.38016909752111805,0.02410673523516273,0.3585951940850277,0.40618955512572535,0.38016909752111805,0.02410673523516273,0.3585951940850277,0.40618955512572535,0.9327139517242841,0.005544651356701318,0.9264990328820116,0.9371534195933456,0.619830902478882,0.024106735235162692,0.5938104448742747,0.6414048059149723,0.0,0.0,0.0,0.0,2.6820492741007964,0.0473519054594609,2.6280275789914542,2.7163707504777133
mistralai/Mistral-7B-Instruct-v0.3,math:hard_cluster_main_r2,math,hard_cluster_main_r2,NO_INTERVENTION,525.6666666666666,13.316656236958776,517,541,0.06728604827571585,0.00554465135670133,0.06284658040665435,0.0735009671179884,0.06728604827571585,0.00554465135670133,0.06284658040665435,0.0735009671179884,0.0,0.0,0.0,0.0,0.0,0.0,0.0,0.0,0.362907682632221,0.02073390127451163,0.35067437379576105,0.38684719535783363,2.187020905659032,0.02081355314575921,2.1738624647349782,2.2110169446849497
mistralai/Mistral-7B-Instruct-v0.3,math:hard_cluster_main_r2,math,hard_cluster_main_r2,ORACLE_POLICY,525.6666666666666,13.316656236958776,517,541,0.4301937309079369,0.026136352185331033,0.41404805914972276,0.46034816247582205,0.4301937309079369,0.026136352185331033,0.41404805914972276,0.46034816247582205,0.9327139517242841,0.005544651356701318,0.9264990328820116,0.9371534195933456,0.5698062690920631,0.026136352185330974,0.539651837524178,0.5859519408502772,0.0,0.0,0.0,0.0,3.2213386210323,0.06082265562239917,3.1512862415317757,3.2607114798172248
mistralai/Mistral-7B-Instruct-v0.3,math:hard_cluster_main_r2,math,hard_cluster_main_r2,POOLED_LEARNED_GATE,525.6666666666666,13.316656236958776,517,541,0.3526762924285607,0.02616848659369944,0.32947976878612717,0.38104448742746616,0.3526762924285607,0.02616848659369944,0.32947976878612717,0.38104448742746616,0.9295760322376015,0.006185071335249777,0.9226305609284333,0.9344894026974951,0.6441857880847567,0.027819789516322198,0.6150870406189555,0.6705202312138728,0.0,0.0,0.0,0.0,3.06675625574541,0.09577288233330782,2.95890618679501,3.1418642305494475
mistralai/Mistral-7B-Instruct-v0.3,math:hard_cluster_main_r2,math,hard_cluster_main_r2,POOLED_RULE_BEST,525.6666666666666,13.316656236958776,517,541,0.37630807927072585,0.021610851781175465,0.3585951940850277,0.40038684719535783,0.37630807927072585,0.021610851781175465,0.3585951940850277,0.40038684719535783,0.9327139517242841,0.005544651356701318,0.9264990328820116,0.9371534195933456,0.6236919207292742,0.02161085178117549,0.5996131528046421,0.6414048059149723,0.0,0.0,0.0,0.0,2.4726407691338674,0.21211906073555212,2.3297693967428312,2.7163707504777133
mistralai/Mistral-7B-Instruct-v0.3,math:hard_cluster_main_r2,math,hard_cluster_main_r2,POOLED_SIMPLE_2FEATURE,525.6666666666666,13.316656236958776,517,541,0.37815650810621565,0.019469359490662485,0.36414048059149723,0.40038684719535783,0.37815650810621565,0.019469359490662485,0.36414048059149723,0.40038684719535783,0.9327139517242841,0.005544651356701318,0.9264990328820116,0.9371534195933456,0.6218434918937844,0.01946935949066251,0.5996131528046421,0.6358595194085028,0.0,0.0,0.0,0.0,2.3572440774324424,0.023807241495904678,2.3297693967428312,2.371782160181057
mistralai/Mistral-7B-Instruct-v0.3,math:hard_cluster_main_r2,math,hard_cluster_main_r2,POOLED_SIMPLE_3FEATURE,525.6666666666666,13.316656236958776,517,541,0.37815650810621565,0.019469359490662485,0.36414048059149723,0.40038684719535783,0.37815650810621565,0.019469359490662485,0.36414048059149723,0.40038684719535783,0.9327139517242841,0.005544651356701318,0.9264990328820116,0.9371534195933456,0.6218434918937844,0.01946935949066251,0.5996131528046421,0.6358595194085028,0.0,0.0,0.0,0.0,2.3572440774324424,0.023807241495904678,2.3297693967428312,2.371782160181057
mistralai/Mistral-7B-Instruct-v0.3,math:hard_cluster_main_r2,math,hard_cluster_main_r2,POOLED_SIMPLE_THRESHOLDED_TREE,525.6666666666666,13.316656236958776,517,541,0.38016909752111805,0.02410673523516273,0.3585951940850277,0.40618955512572535,0.38016909752111805,0.02410673523516273,0.3585951940850277,0.40618955512572535,0.9327139517242841,0.005544651356701318,0.9264990328820116,0.9371534195933456,0.619830902478882,0.024106735235162692,0.5938104448742747,0.6414048059149723,0.0,0.0,0.0,0.0,2.6820492741007964,0.0473519054594609,2.6280275789914542,2.7163707504777133
mistralai/Mistral-7B-Instruct-v0.3,math:hard_generic_main_r2,math,hard_generic_main_r2,ALWAYS_LOCAL,168.33333333333334,11.37248140615465,159,181,0.44337042898493956,0.01656566601763917,0.42424242424242425,0.4530386740331492,0.44337042898493956,0.01656566601763917,0.42424242424242425,0.4530386740331492,1.0,0.0,1.0,1.0,0.6003575839706351,0.02087082917329524,0.585635359116022,0.6242424242424243,0.0,0.0,0.0,0.0,2.464381484729565,0.03364856948427254,2.4300761145683656,2.497332347297307
mistralai/Mistral-7B-Instruct-v0.3,math:hard_generic_main_r2,math,hard_generic_main_r2,ALWAYS_REWRITE_OR_RESTART,168.33333333333334,11.37248140615465,159,181,0.1357340737722266,0.027412660167880385,0.10497237569060773,0.15757575757575756,0.1357340737722266,0.027412660167880385,0.10497237569060773,0.15757575757575756,1.0,0.0,1.0,1.0,0.8824978651310351,0.01565341732897312,0.8727272727272727,0.9005524861878453,0.0,0.0,0.0,0.0,3.5925455306684455,0.032473816768475064,3.5651715863834728,3.6284259513087407
mistralai/Mistral-7B-Instruct-v0.3,math:hard_generic_main_r2,math,hard_generic_main_r2,FORMAT_DOMAIN_LEARNED_GATE,168.33333333333334,11.37248140615465,159,181,0.44337042898493956,0.01656566601763917,0.42424242424242425,0.4530386740331492,0.44337042898493956,0.01656566601763917,0.42424242424242425,0.4530386740331492,0.9860632805696915,0.0037550000931476342,0.9818181818181818,0.988950276243094,0.5864208645403267,0.01712749995775572,0.574585635359116,0.6060606060606061,0.0,0.0,0.0,0.0,2.4525074474744852,0.043019061161193625,2.4098743089135137,2.4959023148216533
mistralai/Mistral-7B-Instruct-v0.3,math:hard_generic_main_r2,math,hard_generic_main_r2,FORMAT_TUNED_SIMPLE_RULE,168.33333333333334,11.37248140615465,159,181,0.45370014120144425,0.017676523062222005,0.43636363636363634,0.4716981132075472,0.45370014120144425,0.017676523062222005,0.43636363636363634,0.4716981132075472,0.9459422748279206,0.01337165291325486,0.9371069182389937,0.9613259668508287,0.5462998587985558,0.017676523062221994,0.5283018867924528,0.5636363636363636,0.0,0.0,0.0,0.0,2.433009383151355,0.021866794876394587,2.408523582652705,2.450589970036438
mistralai/Mistral-7B-Instruct-v0.3,math:hard_generic_main_r2,math,hard_generic_main_r2,MATH_DOMAIN_LEARNED_GATE,168.33333333333334,11.37248140615465,159,181,0.41500778661208143,0.0310985075471525,0.3812154696132597,0.44242424242424244,0.41500778661208143,0.0310985075471525,0.3812154696132597,0.44242424242424244,0.9441006542017697,0.010197206853708753,0.9371069182389937,0.9558011049723757,0.5831505927617676,0.028117503219185484,0.5575757575757576,0.6132596685082873,0.0,0.0,0.0,0.0,2.7521697626061727,0.09248123171058367,2.652852560179026,2.835811421293148
mistralai/Mistral-7B-Instruct-v0.3,math:hard_generic_main_r2,math,hard_generic_main_r2,MATH_TUNED_SIMPLE_RULE,168.33333333333334,11.37248140615465,159,181,0.4578167792803465,0.01825671497667758,0.44242424242424244,0.4779874213836478,0.4578167792803465,0.01825671497667758,0.44242424242424244,0.4779874213836478,0.9459422748279206,0.01337165291325486,0.9371069182389937,0.9613259668508287,0.5421832207196536,0.01825671497667764,0.5220125786163522,0.5575757575757576,0.0,0.0,0.0,0.0,2.581165205324457,0.005023962807376449,2.575930067955501,2.5859473074080817
mistralai/Mistral-7B-Instruct-v0.3,math:hard_generic_main_r2,math,hard_generic_main_r2,NO_INTERVENTION,168.33333333333334,11.37248140615465,159,181,0.054057725172079386,0.013371652913254869,0.03867403314917127,0.06289308176100629,0.054057725172079386,0.013371652913254869,0.03867403314917127,0.06289308176100629,0.0,0.0,0.0,0.0,0.0,0.0,0.0,0.0,0.4356728970092882,0.005021240878589828,0.4303030303030303,0.44025157232704404,2.1335344177584736,0.04288849214276369,2.090585349045807,2.1763620755588344
mistralai/Mistral-7B-Instruct-v0.3,math:hard_generic_main_r2,math,hard_generic_main_r2,ORACLE_POLICY,168.33333333333334,11.37248140615465,159,181,0.48973062218136754,0.014040408030055075,0.47513812154696133,0.5031446540880503,0.48973062218136754,0.014040408030055075,0.47513812154696133,0.5031446540880503,0.9459422748279206,0.01337165291325486,0.9371069182389937,0.9613259668508287,0.5102693778186325,0.014040408030055095,0.4968553459119497,0.5248618784530387,0.0,0.0,0.0,0.0,2.9704021099537914,0.01703843940584929,2.9562319447960026,2.9893072277245767
mistralai/Mistral-7B-Instruct-v0.3,math:hard_generic_main_r2,math,hard_generic_main_r2,POOLED_LEARNED_GATE,168.33333333333334,11.37248140615465,159,181,0.441300106243294,0.006845354259604954,0.4339622641509434,0.44751381215469616,0.441300106243294,0.006845354259604954,0.4339622641509434,0.44751381215469616,0.9439220728077187,0.015189852917586476,0.9333333333333333,0.9613259668508287,0.556679691736504,0.00811883428196307,0.5515151515151515,0.5660377358490566,0.0,0.0,0.0,0.0,2.646546738078795,0.0819562189963317,2.5772041878663003,2.7369901377608143
mistralai/Mistral-7B-Instruct-v0.3,math:hard_generic_main_r2,math,hard_generic_main_r2,POOLED_RULE_BEST,168.33333333333334,11.37248140615465,159,181,0.4557203432216463,0.014820033396953133,0.44242424242424244,0.4716981132075472,0.4557203432216463,0.014820033396953133,0.44242424242424244,0.4716981132075472,0.9459422748279206,0.01337165291325486,0.9371069182389937,0.9613259668508287,0.5442796567783538,0.01482003339695315,0.5283018867924528,0.5575757575757576,0.0,0.0,0.0,0.0,2.478128495608569,0.09468379520880185,2.408523582652705,2.5859473074080817
mistralai/Mistral-7B-Instruct-v0.3,math:hard_generic_main_r2,math,hard_generic_main_r2,POOLED_SIMPLE_2FEATURE,168.33333333333334,11.37248140615465,159,181,0.45370014120144425,0.017676523062222005,0.43636363636363634,0.4716981132075472,0.45370014120144425,0.017676523062222005,0.43636363636363634,0.4716981132075472,0.9459422748279206,0.01337165291325486,0.9371069182389937,0.9613259668508287,0.5462998587985558,0.017676523062221994,0.5283018867924528,0.5636363636363636,0.0,0.0,0.0,0.0,2.433009383151355,0.021866794876394587,2.408523582652705,2.450589970036438
mistralai/Mistral-7B-Instruct-v0.3,math:hard_generic_main_r2,math,hard_generic_main_r2,POOLED_SIMPLE_3FEATURE,168.33333333333334,11.37248140615465,159,181,0.45370014120144425,0.017676523062222005,0.43636363636363634,0.4716981132075472,0.45370014120144425,0.017676523062222005,0.43636363636363634,0.4716981132075472,0.9459422748279206,0.01337165291325486,0.9371069182389937,0.9613259668508287,0.5462998587985558,0.017676523062221994,0.5283018867924528,0.5636363636363636,0.0,0.0,0.0,0.0,2.433009383151355,0.021866794876394587,2.408523582652705,2.450589970036438
mistralai/Mistral-7B-Instruct-v0.3,math:hard_generic_main_r2,math,hard_generic_main_r2,POOLED_SIMPLE_THRESHOLDED_TREE,168.33333333333334,11.37248140615465,159,181,0.4578167792803465,0.01825671497667758,0.44242424242424244,0.4779874213836478,0.4578167792803465,0.01825671497667758,0.44242424242424244,0.4779874213836478,0.9459422748279206,0.01337165291325486,0.9371069182389937,0.9613259668508287,0.5421832207196536,0.01825671497667764,0.5220125786163522,0.5575757575757576,0.0,0.0,0.0,0.0,2.581165205324457,0.005023962807376449,2.575930067955501,2.5859473074080817
mistralai/Mistral-7B-Instruct-v0.3,math:overall,math,overall,ALWAYS_LOCAL,694.0,14.422205101855956,678,706,0.3789749801480707,0.02129916981355657,0.3611898016997167,0.40257879656160456,0.3789749801480707,0.02129916981355657,0.3611898016997167,0.40257879656160456,1.0,0.0,1.0,1.0,0.6676081203339904,0.01572865495236771,0.6504297994269341,0.6813031161473088,0.0,0.0,0.0,0.0,2.405721539201924,0.02045739171556041,2.3825903455540005,2.4214363270458996
mistralai/Mistral-7B-Instruct-v0.3,math:overall,math,overall,ALWAYS_REWRITE_OR_RESTART,694.0,14.422205101855956,678,706,0.1313882094126068,0.015676808223129276,0.11356932153392331,0.14305949008498584,0.1313882094126068,0.015676808223129276,0.11356932153392331,0.14305949008498584,1.0,0.0,1.0,1.0,0.8849191814512269,0.014155125320861292,0.8753541076487252,0.9011799410029498,0.0,0.0,0.0,0.0,3.741184265697059,0.02249432843924351,3.716064257243045,3.7594656066022605
mistralai/Mistral-7B-Instruct-v0.3,math:overall,math,overall,FORMAT_DOMAIN_LEARNED_GATE,694.0,14.422205101855956,678,706,0.22593204739139652,0.014928313661739401,0.2096317280453258,0.23893805309734514,0.22593204739139652,0.014928313661739401,0.2096317280453258,0.23893805309734514,0.9952038348633313,0.000755722122139013,0.9943342776203966,0.995702005730659,0.8006629771381902,0.007692588817153898,0.7922636103151862,0.8073654390934845,0.0,0.0,0.0,0.0,3.2326815532101745,0.16464208516111295,3.0678266806412586,3.3971100227132087
mistralai/Mistral-7B-Instruct-v0.3,math:overall,math,overall,FORMAT_TUNED_SIMPLE_RULE,694.0,14.422205101855956,678,706,0.39628841812534077,0.016649599664154136,0.3810198300283286,0.4140401146131805,0.39628841812534077,0.016649599664154136,0.3810198300283286,0.4140401146131805,0.9361034615406686,0.0013793813259430833,0.9351032448377581,0.9376770538243626,0.6037115818746592,0.016649599664154083,0.5859598853868195,0.6189801699716714,0.0,0.0,0.0,0.0,2.375641554785572,0.022048887784346483,2.350191327473042,2.3889732159108252
mistralai/Mistral-7B-Instruct-v0.3,math:overall,math,overall,MATH_DOMAIN_LEARNED_GATE,694.0,14.422205101855956,678,706,0.3577035833495575,0.009630986371694725,0.3466076696165192,0.3638968481375358,0.3577035833495575,0.009630986371694725,0.3466076696165192,0.3638968481375358,0.9293721667886263,0.0053896911597908406,0.9240687679083095,0.9348441926345609,0.6350929783667666,0.011549336129916956,0.6246418338108882,0.6474926253687315,0.0004775549188156638,0.0008271493827931601,0.0,0.0014326647564469914,3.018232520347251,0.03047348562424547,2.9958031460379964,3.0529275333548687
mistralai/Mistral-7B-Instruct-v0.3,math:overall,math,overall,MATH_TUNED_SIMPLE_RULE,694.0,14.422205101855956,678,706,0.3987433641567703,0.020092836798338017,0.3781869688385269,0.4183381088825215,0.3987433641567703,0.020092836798338017,0.3781869688385269,0.4183381088825215,0.9361034615406686,0.0013793813259430833,0.9351032448377581,0.9376770538243626,0.6012566358432297,0.020092836798338128,0.5816618911174785,0.6218130311614731,0.0,0.0,0.0,0.0,2.657994840969455,0.03815194769131215,2.6145180524907268,2.6858893508934507
mistralai/Mistral-7B-Instruct-v0.3,math:overall,math,overall,NO_INTERVENTION,694.0,14.422205101855956,678,706,0.0638965384593313,0.0013793813259430738,0.06232294617563739,0.06489675516224189,0.0638965384593313,0.0013793813259430738,0.06232294617563739,0.06489675516224189,0.0,0.0,0.0,0.0,0.0,0.0,0.0,0.0,0.38036108941567864,0.016789250514588565,0.3696883852691218,0.3997134670487106,2.1741681418095453,0.025137142519070524,2.1561781189532385,2.2028899178544887
mistralai/Mistral-7B-Instruct-v0.3,math:overall,math,overall,ORACLE_POLICY,694.0,14.422205101855956,678,706,0.44425762787500994,0.01740662910913648,0.43201133144475923,0.46418338108882523,0.44425762787500994,0.01740662910913648,0.43201133144475923,0.46418338108882523,0.9361034615406686,0.0013793813259430833,0.9351032448377581,0.9376770538243626,0.55574237212499,0.017406629109136446,0.5358166189111748,0.5679886685552408,0.0,0.0,0.0,0.0,3.161228275884488,0.045035127117232426,3.1092830875215993,3.1893069870910087
mistralai/Mistral-7B-Instruct-v0.3,math:overall,math,overall,POOLED_LEARNED_GATE,694.0,14.422205101855956,678,706,0.37398382948211367,0.02245946209225652,0.35398230088495575,0.3982808022922636,0.37398382948211367,0.02245946209225652,0.35398230088495575,0.3982808022922636,0.9332597775765029,0.001629576544957413,0.9320113314447592,0.9351032448377581,0.6231724865537205,0.0236164123069222,0.5988538681948424,0.6460176991150443,0.0,0.0,0.0,0.0,2.9655947127107125,0.08784031777831144,2.8724358229388223,3.046915881355653
mistralai/Mistral-7B-Instruct-v0.3,math:overall,math,overall,POOLED_RULE_BEST,694.0,14.422205101855956,678,706,0.39534413106207356,0.01797603943568372,0.3781869688385269,0.4140401146131805,0.39534413106207356,0.01797603943568372,0.3781869688385269,0.4140401146131805,0.9361034615406686,0.0013793813259430833,0.9351032448377581,0.9376770538243626,0.6046558689379266,0.017976039435683672,0.5859598853868195,0.6218130311614731,0.0,0.0,0.0,0.0,2.4746135997797807,0.18393187819881002,2.350191327473042,2.6858893508934507
mistralai/Mistral-7B-Instruct-v0.3,math:overall,math,overall,POOLED_SIMPLE_2FEATURE,694.0,14.422205101855956,678,706,0.39628841812534077,0.016649599664154136,0.3810198300283286,0.4140401146131805,0.39628841812534077,0.016649599664154136,0.3810198300283286,0.4140401146131805,0.9361034615406686,0.0013793813259430833,0.9351032448377581,0.9376770538243626,0.6037115818746592,0.016649599664154083,0.5859598853868195,0.6189801699716714,0.0,0.0,0.0,0.0,2.375641554785572,0.022048887784346483,2.350191327473042,2.3889732159108252
mistralai/Mistral-7B-Instruct-v0.3,math:overall,math,overall,POOLED_SIMPLE_3FEATURE,694.0,14.422205101855956,678,706,0.39628841812534077,0.016649599664154136,0.3810198300283286,0.4140401146131805,0.39628841812534077,0.016649599664154136,0.3810198300283286,0.4140401146131805,0.9361034615406686,0.0013793813259430833,0.9351032448377581,0.9376770538243626,0.6037115818746592,0.016649599664154083,0.5859598853868195,0.6189801699716714,0.0,0.0,0.0,0.0,2.375641554785572,0.022048887784346483,2.350191327473042,2.3889732159108252
mistralai/Mistral-7B-Instruct-v0.3,math:overall,math,overall,POOLED_SIMPLE_THRESHOLDED_TREE,694.0,14.422205101855956,678,706,0.3987433641567703,0.020092836798338017,0.3781869688385269,0.4183381088825215,0.3987433641567703,0.020092836798338017,0.3781869688385269,0.4183381088825215,0.9361034615406686,0.0013793813259430833,0.9351032448377581,0.9376770538243626,0.6012566358432297,0.020092836798338128,0.5816618911174785,0.6218130311614731,0.0,0.0,0.0,0.0,2.657994840969455,0.03815194769131215,2.6145180524907268,2.6858893508934507
mistralai/Mistral-7B-Instruct-v0.3,overall,pooled,overall,ALWAYS_LOCAL,933.6666666666666,13.316656236958778,925,949,0.38066833097023284,0.014603303426552642,0.36880927291886195,0.3969795037756203,0.38066833097023284,0.014603303426552642,0.36880927291886195,0.3969795037756203,1.0,0.0,1.0,1.0,0.7007739108869578,0.0082155684898303,0.6914778856526429,0.7070600632244468,0.0,0.0,0.0,0.0,3.37064901434014,0.13156089070243115,3.2239796986859672,3.4782524895756155
mistralai/Mistral-7B-Instruct-v0.3,overall,pooled,overall,ALWAYS_REWRITE_OR_RESTART,933.6666666666666,13.316656236958778,925,949,0.18738537242061648,0.006264711231388357,0.18054054054054053,0.1928345626975764,0.18738537242061648,0.006264711231388357,0.18054054054054053,0.1928345626975764,1.0,0.0,1.0,1.0,0.8897395424008004,0.0065936809842783994,0.8830347734457323,0.8962162162162162,0.0,0.0,0.0,0.0,3.876772952619002,0.060323685775289716,3.81454825281048,3.9349964093951777
mistralai/Mistral-7B-Instruct-v0.3,overall,pooled,overall,FORMAT_DOMAIN_LEARNED_GATE,933.6666666666666,13.316656236958778,925,949,0.26927466040114,0.009397961795325586,0.25922023182297155,0.27783783783783783,0.26927466040114,0.009397961795325586,0.25922023182297155,0.27783783783783783,0.9182414099982926,0.004265020794734882,0.9137001078748651,0.9221621621621622,0.7372300529528885,0.007381289655623345,0.7292340884573895,0.7437837837837837,0.0,0.0,0.0,0.0,3.678219679286723,0.09366303812541517,3.5736586007027813,3.7544376441901717
mistralai/Mistral-7B-Instruct-v0.3,overall,pooled,overall,FORMAT_TUNED_SIMPLE_RULE,933.6666666666666,13.316656236958778,925,949,0.41171772896204334,0.011367622734657513,0.40147523709167543,0.42394822006472493,0.41171772896204334,0.011367622734657513,0.40147523709167543,0.42394822006472493,0.8875083601509988,0.003557241783900381,0.8845738942826321,0.8914646996838778,0.5882822710379566,0.01136762273465749,0.5760517799352751,0.5985247629083246,0.0,0.0,0.0,0.0,3.248083940383913,0.1180995795291714,3.114952614035622,3.3402337420724915
mistralai/Mistral-7B-Instruct-v0.3,overall,pooled,overall,MATH_DOMAIN_LEARNED_GATE,933.6666666666666,13.316656236958778,925,949,0.3601482211031353,0.008442015925508075,0.3545945945945946,0.3698630136986301,0.3601482211031353,0.008442015925508075,0.3545945945945946,0.3698630136986301,0.9474874512352901,0.004383877672104416,0.9428263214670982,0.9515279241306639,0.6926642201758574,0.01253552295335016,0.6839266450916937,0.707027027027027,0.0003595828838547285,0.0006228158243685283,0.0,0.0010787486515641855,3.576837621581531,0.08576023422891424,3.48092338201464,3.646129261777374
mistralai/Mistral-7B-Instruct-v0.3,overall,pooled,overall,MATH_TUNED_SIMPLE_RULE,933.6666666666666,13.316656236958778,925,949,0.4045987624708199,0.011777346994875731,0.39199157007376184,0.4153182308522114,0.4045987624708199,0.011777346994875731,0.39199157007376184,0.4153182308522114,0.8875083601509988,0.003557241783900381,0.8845738942826321,0.8914646996838778,0.5954012375291801,0.011777346994875686,0.5846817691477886,0.6080084299262382,0.0,0.0,0.0,0.0,3.357965827013327,0.12378297386682804,3.226797992423852,3.47272772714741
mistralai/Mistral-7B-Instruct-v0.3,overall,pooled,overall,NO_INTERVENTION,933.6666666666666,13.316656236958778,925,949,0.1124916398490012,0.0035572417839003813,0.10853530031612224,0.11542610571736785,0.1124916398490012,0.0035572417839003813,0.10853530031612224,0.11542610571736785,0.0,0.0,0.0,0.0,0.0,0.0,0.0,0.0,0.3442145213338191,0.010257876810223672,0.33719704952581664,0.3559870550161812,2.752552358327584,0.05828931279741213,2.6859001920220944,2.7939877282235344
mistralai/Mistral-7B-Instruct-v0.3,overall,pooled,overall,ORACLE_POLICY,933.6666666666666,13.316656236958778,925,949,0.4567061611828203,0.013241168100672593,0.4457323498419389,0.4714131607335491,0.4567061611828203,0.013241168100672593,0.4457323498419389,0.4714131607335491,0.8875083601509988,0.003557241783900381,0.8845738942826321,0.8914646996838778,0.5432938388171796,0.013241168100672628,0.5285868392664509,0.5542676501580611,0.0,0.0,0.0,0.0,3.528620698269467,0.09434773569899678,3.4236570361598786,3.606370442948776
mistralai/Mistral-7B-Instruct-v0.3,overall,pooled,overall,POOLED_LEARNED_GATE,933.6666666666666,13.316656236958778,925,949,0.36956717364750347,0.01631448768936094,0.3589189189189189,0.3883495145631068,0.36956717364750347,0.01631448768936094,0.3589189189189189,0.3883495145631068,0.8828616841544092,0.0041832213858883725,0.8789189189189189,0.8872497365648051,0.625786150355907,0.014116518518752669,0.6094929881337648,0.6343519494204426,0.0,0.0,0.0,0.0,3.3515723027635045,0.09963370151972385,3.24072610719246,3.4336733909922876
mistralai/Mistral-7B-Instruct-v0.3,overall,pooled,overall,POOLED_RULE_BEST,933.6666666666666,13.316656236958778,925,949,0.4085565066227388,0.016010596772304094,0.39199157007376184,0.42394822006472493,0.4085565066227388,0.016010596772304094,0.39199157007376184,0.42394822006472493,0.8875083601509988,0.003557241783900381,0.8845738942826321,0.8914646996838778,0.5914434933772612,0.016010596772304084,0.5760517799352751,0.6080084299262382,0.0,0.0,0.0,0.0,3.2844858567421746,0.16729045803369247,3.114952614035622,3.4494394911472757
mistralai/Mistral-7B-Instruct-v0.3,overall,pooled,overall,POOLED_SIMPLE_2FEATURE,933.6666666666666,13.316656236958778,925,949,0.41171772896204334,0.011367622734657513,0.40147523709167543,0.42394822006472493,0.41171772896204334,0.011367622734657513,0.40147523709167543,0.42394822006472493,0.8875083601509988,0.003557241783900381,0.8845738942826321,0.8914646996838778,0.5882822710379566,0.01136762273465749,0.5760517799352751,0.5985247629083246,0.0,0.0,0.0,0.0,3.253507050592059,0.12339310251167145,3.114952614035622,3.3515568049133875
mistralai/Mistral-7B-Instruct-v0.3,overall,pooled,overall,POOLED_SIMPLE_3FEATURE,933.6666666666666,13.316656236958778,925,949,0.41171772896204334,0.011367622734657513,0.40147523709167543,0.42394822006472493,0.41171772896204334,0.011367622734657513,0.40147523709167543,0.42394822006472493,0.8875083601509988,0.003557241783900381,0.8845738942826321,0.8914646996838778,0.5882822710379566,0.01136762273465749,0.5760517799352751,0.5985247629083246,0.0,0.0,0.0,0.0,3.246438741642534,0.12088305585689828,3.1100170178114848,3.3402337420724915
mistralai/Mistral-7B-Instruct-v0.3,overall,pooled,overall,POOLED_SIMPLE_THRESHOLDED_TREE,933.6666666666666,13.316656236958778,925,949,0.4045987624708199,0.011777346994875731,0.39199157007376184,0.4153182308522114,0.4045987624708199,0.011777346994875731,0.39199157007376184,0.4153182308522114,0.8875083601509988,0.003557241783900381,0.8845738942826321,0.8914646996838778,0.5954012375291801,0.011777346994875686,0.5846817691477886,0.6080084299262382,0.0,0.0,0.0,0.0,3.3441355026653716,0.11635971047006397,3.219213980073742,3.4494394911472757
